Date,Region,Category,Product,Quantity,Unit_Price,Discount_Percent,Sales_Amount,Profit,Customer_Age,Customer_Rating,Payment_Method,Channel
2023-01-01,South,Furniture,Table,6,348.92,0,2929.7,766.72,30,4.5,Cash,Online
2023-01-01,Central,Food,Dairy,9,24.59,5,294.19,60.87,29,5.0,Credit Card,In-Store
2023-01-01,West,Furniture,Chair,6,262.08,15,1870.51,752.79,47,4.8,E-Wallet,Online
2023-01-02,East,Clothing,T-Shirt,6,54.2,5,432.41,181.3,21,4.8,Cash,In-Store
2023-01-02,North,Clothing,Shoes,8,57.4,0,642.74,266.93,39,3.9,E-Wallet,In-Store
2023-01-02,North,Electronics,Smartphone,5,503.12,0,3521.14,1421.85,28,3.5,Cash,Online
2023-01-03,North,Toys,Action Figure,7,39.97,10,352.48,112.05,45,3.9,Bank Transfer,In-Store
2023-01-03,Central,Furniture,Sofa,6,241.02,0,2024.48,417.44,46,3.4,E-Wallet,In-Store
2023-01-03,East,Electronics,Smartphone,7,477.77,10,4213.68,1275.24,49,4.9,Credit Card,In-Store
2023-01-04,West,Toys,Doll,6,50.43,0,423.61,135.27,49,4.1,Credit Card,Online
2023-01-04,North,Furniture,Shelf,6,361.81,15,2583.33,727.62,29,4.9,Credit Card,Online
2023-01-05,Central,Food,Dairy,5,30.32,20,169.76,73.25,37,3.0,Credit Card,In-Store
2023-01-05,West,Furniture,Shelf,5,359.26,20,2011.78,495.22,57,3.8,Cash,In-Store
2023-01-05,North,Clothing,T-Shirt,6,57.71,0,484.76,139.75,43,3.2,Bank Transfer,In-Store
2023-01-06,North,Clothing,T-Shirt,4,70.96,10,357.56,145.6,49,2.8,Cash,In-Store
2023-01-06,North,Food,Bakery,6,21.79,0,183.0,53.5,22,4.2,E-Wallet,In-Store
2023-01-06,South,Electronics,Headphones,8,507.99,15,4835.3,1455.17,50,3.2,Credit Card,Online
2023-01-07,East,Toys,Action Figure,4,44.83,0,250.97,108.87,18,3.7,Credit Card,Online
2023-01-07,South,Furniture,Sofa,1,243.84,15,290.06,111.17,18,3.4,E-Wallet,Online
2023-01-07,South,Clothing,Jeans,6,71.64,5,571.48,201.31,26,3.8,Credit Card,Online
2023-01-08,East,Electronics,Tablet,5,563.23,20,3152.08,1225.46,43,4.7,E-Wallet,Online
2023-01-08,North,Food,Bakery,2,23.34,10,58.79,22.88,45,3.3,Credit Card,Online
2023-01-09,South,Clothing,T-Shirt,6,72.37,5,576.94,176.98,27,3.7,E-Wallet,Online
2023-01-09,South,Food,Beverages,6,21.03,20,141.18,46.91,18,4.6,E-Wallet,In-Store
2023-01-09,East,Furniture,Sofa,4,330.0,0,1846.11,522.77,50,4.5,E-Wallet,Online
2023-01-10,West,Toys,Doll,2,41.71,25,87.47,18.45,45,3.9,E-Wallet,Online
2023-01-10,North,Clothing,Jacket,6,64.38,15,458.98,130.75,43,4.3,Credit Card,In-Store
2023-01-10,East,Clothing,T-Shirt,12,75.79,25,953.51,290.32,63,4.9,Credit Card,In-Store
2023-01-11,East,Furniture,Table,6,370.7,0,3107.61,739.95,39,3.2,Credit Card,Online
2023-01-11,North,Electronics,Smartphone,6,536.64,0,4498.77,1313.56,25,3.4,Credit Card,Online
2023-01-11,East,Toys,Doll,8,37.47,10,376.98,154.04,55,3.8,Cash,Online
2023-01-12,North,Clothing,Jeans,5,75.35,20,420.88,156.28,32,4.6,E-Wallet,Online
2023-01-12,North,Toys,Doll,2,33.95,0,94.81,25.28,36,4.1,Credit Card,Online
2023-01-13,Central,Clothing,T-Shirt,6,73.6,0,616.18,163.54,31,4.1,Bank Transfer,In-Store
2023-01-13,Central,Toys,Action Figure,8,38.56,0,430.47,87.49,27,3.2,Bank Transfer,In-Store
2023-01-13,West,Food,Bakery,4,20.67,20,92.3,27.07,32,4.9,E-Wallet,In-Store
2023-01-14,South,Clothing,Jacket,4,68.08,15,322.73,72.65,57,3.7,Bank Transfer,Online
2023-01-14,North,Toys,Doll,10,36.63,0,510.64,222.82,24,3.8,E-Wallet,Online
2023-01-14,West,Electronics,Smartphone,2,414.8,0,1156.65,356.76,51,4.2,Cash,Online
2023-01-15,South,Food,Snacks,7,23.83,10,209.09,46.01,18,5.0,E-Wallet,Online
2023-01-15,North,Food,Beverages,7,20.8,0,202.78,76.69,58,3.5,E-Wallet,In-Store
2023-01-15,East,Electronics,Smartphone,6,399.85,10,3007.77,1237.04,60,3.5,Credit Card,In-Store
2023-01-16,North,Toys,Doll,5,32.1,5,212.21,76.9,24,3.8,Credit Card,Online
2023-01-16,Central,Furniture,Sofa,8,306.81,10,3074.22,774.52,39,5.0,Cash,In-Store
2023-01-17,South,Electronics,Smartphone,8,378.96,20,3371.68,1445.86,46,4.3,Credit Card,In-Store
2023-01-17,West,Toys,Board Game,7,45.65,5,422.05,126.58,30,4.4,Bank Transfer,Online
2023-01-17,South,Electronics,Tablet,6,413.02,0,3445.04,1433.45,62,4.6,Cash,Online
2023-01-18,East,Electronics,Headphones,4,572.3,15,2702.03,921.71,38,5.0,Credit Card,Online
2023-01-18,East,Clothing,Shoes,6,74.14,0,617.7,128.79,31,3.5,Credit Card,In-Store
2023-01-18,North,Toys,Puzzle,4,37.79,20,167.92,67.37,39,4.6,Cash,Online
2023-01-19,Central,Furniture,Sofa,2,357.48,0,991.61,437.79,28,4.9,Credit Card,Online
2023-01-19,West,Clothing,Jacket,3,72.1,15,254.99,87.51,38,4.4,Credit Card,In-Store
2023-01-19,Central,Electronics,Laptop,7,581.98,0,5650.15,1726.55,32,3.3,Bank Transfer,Online
2023-01-20,Central,Electronics,Headphones,5,494.51,0,3424.84,1286.44,27,3.2,Credit Card,Online
2023-01-20,East,Electronics,Laptop,10,378.44,5,4979.84,1566.45,48,4.4,E-Wallet,In-Store
2023-01-21,Central,Toys,Action Figure,5,44.94,25,233.09,49.33,18,3.4,Credit Card,In-Store
2023-01-21,North,Toys,Doll,7,44.5,25,323.15,120.23,60,3.5,Bank Transfer,Online
2023-01-21,North,Clothing,T-Shirt,9,67.15,0,835.95,311.51,40,3.6,Cash,Online
2023-01-22,North,Furniture,Sofa,6,286.07,0,2370.71,780.69,62,4.2,E-Wallet,In-Store
2023-01-22,South,Clothing,T-Shirt,4,73.79,5,387.29,124.39,50,4.5,E-Wallet,In-Store
2023-01-22,South,Food,Dairy,5,31.99,0,220.94,99.35,20,3.4,E-Wallet,In-Store
2023-01-23,South,Electronics,Smartphone,4,408.99,15,1917.63,567.68,38,3.2,Credit Card,Online
2023-01-23,West,Electronics,Laptop,7,379.83,5,3483.32,698.97,18,4.8,Cash,In-Store
2023-01-24,South,Electronics,Smartphone,7,403.77,15,3307.64,1246.97,26,4.7,Credit Card,Online
2023-01-24,South,Clothing,Shoes,10,72.62,10,899.8,263.01,36,4.5,Cash,In-Store
2023-01-24,East,Clothing,Jacket,6,68.3,10,507.78,227.92,28,4.4,Cash,Online
2023-01-25,North,Electronics,Headphones,6,503.11,15,3526.58,1054.16,31,3.9,E-Wallet,Online
2023-01-25,West,Clothing,Jeans,4,60.05,0,330.16,111.67,29,3.9,Credit Card,Online
2023-01-25,North,Toys,Doll,9,43.56,0,538.79,171.02,66,4.0,Credit Card,Online
2023-01-26,Central,Toys,Puzzle,7,38.16,15,311.48,97.81,39,3.4,Bank Transfer,Online
2023-01-26,West,Clothing,T-Shirt,6,62.32,0,512.96,208.14,46,4.3,Bank Transfer,Online
2023-01-26,North,Electronics,Headphones,2,538.44,0,1477.42,380.45,37,4.1,Bank Transfer,Online
2023-01-27,North,Clothing,Jeans,4,77.44,20,339.32,105.58,42,4.1,Cash,Online
2023-01-27,West,Clothing,Jeans,3,75.97,10,280.9,107.43,18,4.8,Credit Card,In-Store
2023-01-28,West,Clothing,T-Shirt,8,76.02,5,789.55,170.27,59,3.9,E-Wallet,Online
2023-01-28,West,Food,Bakery,3,25.03,10,92.35,41.26,28,4.6,Credit Card,In-Store
2023-01-28,West,Toys,Doll,3,41.38,0,169.64,45.55,52,3.0,Credit Card,In-Store
2023-01-29,North,Furniture,Chair,9,345.85,25,3183.85,1129.28,53,4.9,Credit Card,Online
2023-01-29,South,Furniture,Chair,4,378.33,0,2063.93,659.15,18,4.5,E-Wallet,Online
2023-01-29,North,Food,Beverages,7,21.77,10,187.1,70.56,38,5.0,Credit Card,In-Store
2023-01-30,Central,Clothing,Shoes,7,57.13,15,462.59,171.01,43,5.0,E-Wallet,Online
2023-01-30,East,Food,Snacks,3,21.74,5,84.32,37.63,39,4.7,Credit Card,Online
2023-01-30,South,Food,Snacks,6,27.65,15,191.91,51.34,37,3.8,Credit Card,Online
2023-01-31,North,Electronics,Headphones,3,428.92,20,1397.84,380.63,32,3.5,Cash,Online
2023-01-31,South,Toys,Puzzle,3,38.52,10,141.24,40.45,28,3.5,Credit Card,Online
2023-02-01,South,Furniture,Chair,6,250.64,0,2037.36,469.64,51,4.4,Bank Transfer,In-Store
2023-02-01,West,Clothing,Shoes,5,58.49,10,356.61,80.12,43,5.0,Bank Transfer,In-Store
2023-02-01,East,Furniture,Table,4,369.37,20,1601.36,497.84,40,3.2,Credit Card,In-Store
2023-02-02,Central,Furniture,Shelf,6,274.96,5,2118.26,590.56,18,3.4,Bank Transfer,Online
2023-02-02,East,Toys,Action Figure,9,45.9,10,502.54,224.76,34,4.1,E-Wallet,In-Store
2023-02-02,North,Furniture,Sofa,8,334.44,5,3435.35,819.04,37,3.2,Cash,In-Store
2023-02-03,West,Furniture,Chair,6,369.52,0,2989.18,735.03,48,3.7,E-Wallet,In-Store
2023-02-03,West,Food,Dairy,7,21.65,0,204.36,90.93,18,5.0,Bank Transfer,Online
2023-02-03,East,Toys,Action Figure,4,51.55,25,208.51,65.53,23,4.9,Credit Card,Online
2023-02-04,West,Electronics,Tablet,6,491.09,10,3566.21,796.46,61,4.8,Credit Card,In-Store
2023-02-04,East,Clothing,Shoes,9,77.86,0,942.39,381.34,27,3.2,Cash,Online
2023-02-05,East,Furniture,Sofa,6,376.73,20,2425.35,877.58,18,2.8,Credit Card,In-Store
2023-02-05,South,Clothing,Jeans,7,54.65,5,487.4,178.99,28,3.8,Credit Card,Online
2023-02-05,North,Electronics,Headphones,6,372.64,15,2548.95,920.21,27,2.3,E-Wallet,In-Store
2023-02-06,North,Clothing,Jacket,6,55.67,0,446.78,196.37,46,4.4,E-Wallet,Online
2023-02-06,North,Electronics,Laptop,8,478.7,20,4097.97,1558.24,46,4.8,Credit Card,Online
2023-02-06,East,Food,Dairy,6,22.14,10,159.95,60.19,25,3.5,Credit Card,In-Store
2023-02-07,South,Furniture,Chair,5,265.12,10,1591.33,371.63,33,4.6,E-Wallet,In-Store
2023-02-07,East,Electronics,Laptop,8,464.08,0,4952.14,1792.53,44,4.5,Credit Card,In-Store
2023-02-07,Central,Clothing,Shoes,7,49.0,0,457.49,154.72,45,3.1,E-Wallet,Online
2023-02-08,North,Furniture,Chair,10,258.28,0,3435.19,1218.86,24,3.7,Bank Transfer,Online
2023-02-08,South,Food,Snacks,5,25.2,20,134.06,56.28,25,3.8,Bank Transfer,Online
2023-02-09,West,Furniture,Shelf,2,249.47,0,661.63,133.92,65,4.6,E-Wallet,Online
2023-02-09,North,Electronics,Headphones,9,449.27,10,4825.68,1175.26,34,4.7,Credit Card,In-Store
2023-02-09,North,Food,Beverages,6,25.93,0,206.27,64.93,57,4.5,Credit Card,Online
2023-02-10,South,Clothing,Jeans,7,61.54,0,569.49,188.45,40,3.6,E-Wallet,Online
2023-02-10,North,Food,Beverages,6,30.86,0,244.82,70.43,52,5.0,Bank Transfer,In-Store
2023-02-10,Central,Food,Dairy,7,26.63,15,209.44,77.16,46,4.2,Credit Card,Online
2023-02-11,West,Toys,Puzzle,9,41.36,15,416.98,182.4,40,4.5,Credit Card,In-Store
2023-02-11,East,Food,Beverages,3,25.13,25,74.53,26.0,40,5.0,E-Wallet,Online
2023-02-11,Central,Food,Dairy,5,30.22,20,159.31,32.5,21,4.7,Credit Card,Online
2023-02-12,West,Furniture,Chair,2,374.26,0,983.31,397.66,35,3.9,Credit Card,In-Store
2023-02-12,North,Clothing,Shoes,7,73.6,15,575.26,182.98,31,3.8,Bank Transfer,Online
2023-02-13,Central,Furniture,Table,9,341.03,5,3817.85,1709.9,33,2.7,Credit Card,Online
2023-02-13,East,Furniture,Chair,8,260.6,20,2183.83,916.1,33,2.9,Credit Card,In-Store
2023-02-13,West,Electronics,Smartphone,7,422.3,0,3870.55,1173.56,40,4.7,Cash,In-Store
2023-02-14,Central,Furniture,Table,5,246.91,15,1369.36,514.4,46,2.5,E-Wallet,In-Store
2023-02-14,South,Toys,Action Figure,4,50.62,0,264.21,59.07,36,4.8,Credit Card,In-Store
2023-02-14,North,Toys,Puzzle,7,45.22,0,413.03,143.92,50,4.6,Cash,Online
2023-02-15,North,Electronics,Headphones,7,527.93,0,4805.82,1912.67,32,3.3,E-Wallet,Online
2023-02-15,South,Clothing,T-Shirt,4,57.35,0,298.31,93.55,39,4.1,Cash,In-Store
2023-02-16,West,Clothing,Jeans,2,73.37,5,180.64,45.39,70,4.5,Credit Card,Online
2023-02-16,Central,Furniture,Chair,9,278.94,15,2765.21,1230.92,22,4.3,Credit Card,Online
2023-02-16,North,Furniture,Shelf,3,240.25,15,793.88,256.91,32,5.0,Cash,Online
2023-02-17,East,Furniture,Sofa,6,296.46,0,2296.71,589.44,18,2.9,E-Wallet,Online
2023-02-17,South,Clothing,T-Shirt,5,65.12,0,420.43,178.3,40,4.4,E-Wallet,Online
2023-02-17,North,Food,Bakery,7,25.98,5,223.11,50.04,38,3.6,E-Wallet,Online
2023-02-18,North,Toys,Board Game,5,49.24,20,253.38,97.26,39,2.8,E-Wallet,In-Store
2023-02-18,South,Food,Bakery,6,21.32,0,164.54,67.02,26,3.1,Credit Card,Online
2023-02-18,Central,Food,Dairy,6,26.92,5,197.41,59.75,28,3.7,E-Wallet,In-Store
2023-02-19,South,Clothing,T-Shirt,7,63.39,0,568.66,231.01,38,4.0,E-Wallet,In-Store
2023-02-19,East,Food,Bakery,4,23.52,5,114.53,32.08,19,3.4,Cash,Online
2023-02-20,West,Electronics,Smartphone,6,545.0,0,4174.59,1367.07,49,3.6,Credit Card,Online
2023-02-20,South,Furniture,Shelf,6,352.93,0,2703.35,1142.19,19,3.7,Cash,Online
2023-02-20,Central,Electronics,Headphones,5,524.89,0,3350.47,743.39,36,3.3,Cash,Online
2023-02-21,Central,Toys,Puzzle,5,49.52,0,314.88,88.7,32,3.5,Credit Card,In-Store
2023-02-21,South,Furniture,Sofa,5,348.42,0,2215.27,694.49,31,4.5,E-Wallet,Online
2023-02-21,East,Food,Bakery,5,22.9,10,131.03,46.7,18,5.0,E-Wallet,Online
2023-02-22,South,Toys,Doll,7,46.11,0,408.81,170.18,37,4.2,E-Wallet,Online
2023-02-22,South,Furniture,Table,7,286.16,0,2536.95,692.89,22,4.1,Credit Card,In-Store
2023-02-22,North,Food,Snacks,7,23.03,0,204.15,50.34,39,3.9,Credit Card,Online
2023-02-23,East,Electronics,Laptop,8,376.43,20,3038.74,1271.85,28,3.9,E-Wallet,In-Store
2023-02-23,East,Furniture,Shelf,6,351.6,10,2394.87,781.59,37,4.6,E-Wallet,In-Store
2023-02-24,North,Food,Snacks,9,28.89,10,293.91,96.64,18,4.9,Cash,Online
2023-02-24,South,Electronics,Smartphone,5,412.76,5,2462.73,892.79,49,3.1,E-Wallet,Online
2023-02-24,Central,Toys,Board Game,6,46.99,0,354.13,89.47,52,4.8,Credit Card,Online
2023-02-25,North,Toys,Puzzle,2,50.36,0,125.97,53.55,30,5.0,E-Wallet,Online
2023-02-25,North,Toys,Doll,8,34.16,5,324.73,129.48,74,3.2,Bank Transfer,Online
2023-02-25,East,Toys,Board Game,6,36.65,10,247.56,111.3,47,4.8,E-Wallet,Online
2023-02-26,Central,Clothing,Jacket,10,70.51,20,702.47,250.61,34,5.0,Bank Transfer,Online
2023-02-26,North,Furniture,Table,6,281.18,20,1680.8,634.01,31,4.8,Cash,In-Store
2023-02-26,West,Furniture,Shelf,9,333.7,5,3553.2,828.79,27,4.0,E-Wallet,In-Store
2023-02-27,West,Clothing,T-Shirt,10,50.43,5,594.07,156.57,30,4.7,Credit Card,In-Store
2023-02-27,North,Food,Bakery,6,25.65,0,190.84,81.85,36,3.3,Credit Card,Online
2023-02-28,West,Food,Dairy,10,29.24,0,360.91,95.55,37,3.7,Credit Card,In-Store
2023-02-28,South,Toys,Doll,6,45.73,20,270.95,76.18,19,3.6,Cash,Online
2023-02-28,East,Electronics,Laptop,7,543.39,0,4695.14,1782.13,55,2.9,Credit Card,Online
2023-03-01,East,Food,Snacks,4,30.97,25,114.15,50.93,48,4.2,E-Wallet,Online
2023-03-01,East,Electronics,Smartphone,6,533.97,5,3739.78,1575.23,62,4.2,Bank Transfer,Online
2023-03-01,North,Furniture,Chair,6,340.74,5,2386.46,924.79,42,4.5,E-Wallet,Online
2023-03-02,West,Electronics,Laptop,9,367.14,0,4041.25,993.52,51,1.0,Credit Card,In-Store
2023-03-02,South,Furniture,Shelf,8,320.25,10,2820.07,940.98,21,4.2,Bank Transfer,Online
2023-03-02,North,Clothing,Shoes,9,49.13,5,513.77,113.23,45,4.1,Cash,Online
2023-03-03,North,Clothing,Jacket,13,72.24,5,1086.06,274.46,18,3.2,E-Wallet,Online
2023-03-03,East,Toys,Action Figure,3,38.41,0,140.29,53.06,25,3.6,E-Wallet,In-Store
2023-03-04,West,Food,Bakery,7,27.03,0,229.23,54.71,70,4.5,Bank Transfer,In-Store
2023-03-04,North,Toys,Puzzle,5,37.59,5,216.31,91.03,33,4.2,Cash,In-Store
2023-03-04,East,Furniture,Sofa,8,357.38,0,3463.65,1527.37,37,4.0,E-Wallet,Online
2023-03-05,North,Toys,Doll,5,49.73,10,269.8,80.36,47,4.8,Cash,In-Store
2023-03-05,East,Electronics,Smartphone,5,449.69,10,2439.71,889.43,37,5.0,Cash,Online
2023-03-05,North,Furniture,Table,4,369.44,0,1781.6,654.99,24,3.8,Cash,In-Store
2023-03-06,West,Clothing,Jacket,7,56.01,10,423.34,117.77,25,4.3,Cash,In-Store
2023-03-06,South,Food,Dairy,7,26.68,0,224.08,53.21,48,3.3,Cash,Online
2023-03-07,Central,Furniture,Sofa,5,368.81,10,1981.11,731.93,41,5.0,E-Wallet,In-Store
2023-03-07,North,Furniture,Sofa,8,288.88,0,2758.67,1017.25,48,3.6,Credit Card,Online
2023-03-07,South,Electronics,Headphones,7,574.66,0,4801.73,1519.93,45,2.6,E-Wallet,Online
2023-03-08,North,Food,Snacks,7,21.52,0,178.93,51.3,38,4.5,E-Wallet,In-Store
2023-03-08,Central,Clothing,T-Shirt,7,48.55,15,343.06,136.98,38,2.8,E-Wallet,Online
2023-03-08,Central,Furniture,Shelf,3,375.62,0,1338.29,296.87,39,5.0,Credit Card,In-Store
2023-03-09,South,Furniture,Table,5,250.3,0,1478.66,423.48,33,4.5,E-Wallet,Online
2023-03-09,West,Electronics,Laptop,3,583.18,5,1963.74,576.77,33,3.3,Bank Transfer,In-Store
2023-03-09,West,Toys,Puzzle,5,51.03,0,301.45,67.51,44,4.5,E-Wallet,In-Store
2023-03-10,East,Clothing,T-Shirt,5,52.11,15,260.31,58.1,56,3.8,E-Wallet,In-Store
2023-03-10,East,Food,Bakery,4,26.72,10,113.06,47.05,18,4.4,Cash,Online
2023-03-11,North,Furniture,Sofa,6,267.74,20,1502.52,621.64,69,3.1,Bank Transfer,Online
2023-03-11,North,Furniture,Shelf,7,304.22,0,2489.77,646.13,47,2.9,E-Wallet,In-Store
2023-03-11,Central,Clothing,Jeans,5,49.84,0,291.37,61.41,43,4.3,Credit Card,In-Store
2023-03-12,Central,Toys,Action Figure,5,36.48,10,190.89,54.09,24,5.0,Cash,Online
2023-03-12,East,Furniture,Table,3,294.49,10,924.63,321.01,28,3.6,E-Wallet,Online
2023-03-12,South,Clothing,Jeans,10,61.16,0,711.21,198.52,45,3.4,Credit Card,In-Store
2023-03-13,South,Electronics,Laptop,10,579.94,10,6036.62,2371.17,41,3.8,E-Wallet,In-Store
2023-03-13,West,Toys,Puzzle,9,48.16,15,426.08,85.43,21,3.1,Credit Card,In-Store
2023-03-13,Central,Food,Bakery,7,29.22,0,236.54,80.95,26,4.4,Cash,In-Store
2023-03-14,Central,Furniture,Sofa,9,320.56,10,2986.52,648.31,28,4.8,E-Wallet,Online
2023-03-14,West,Clothing,Jeans,5,73.2,0,420.98,144.1,27,4.4,E-Wallet,In-Store
2023-03-15,East,Electronics,Tablet,8,436.35,20,3194.21,696.23,41,4.1,E-Wallet,In-Store
2023-03-15,North,Food,Snacks,7,28.86,5,219.53,80.36,24,3.3,E-Wallet,Online
2023-03-15,North,Clothing,T-Shirt,7,77.81,0,623.02,161.9,48,5.0,Bank Transfer,Online
2023-03-16,Central,Clothing,Jacket,8,57.44,5,496.5,105.38,18,3.4,Cash,Online
2023-03-16,East,Food,Dairy,3,28.43,25,72.74,20.99,50,3.5,E-Wallet,In-Store
2023-03-16,North,Electronics,Headphones,8,549.97,10,4503.7,1263.78,75,2.6,Credit Card,In-Store
2023-03-17,North,Electronics,Tablet,7,566.06,0,4480.96,1901.17,48,2.9,E-Wallet,In-Store
2023-03-17,West,Toys,Puzzle,7,46.36,10,330.28,109.47,30,4.4,Credit Card,In-Store
2023-03-17,North,Furniture,Chair,7,282.54,10,2012.96,459.58,31,3.8,Bank Transfer,Online
2023-03-18,North,Food,Dairy,6,24.08,0,162.44,63.31,23,3.3,Credit Card,In-Store
2023-03-18,East,Food,Beverages,8,20.26,0,182.23,46.09,52,3.4,Credit Card,In-Store
2023-03-19,West,Food,Dairy,6,29.51,10,178.13,50.07,40,3.7,Credit Card,Online
2023-03-19,West,Electronics,Tablet,10,369.62,5,3924.93,1547.42,18,3.6,Credit Card,Online
2023-03-19,North,Furniture,Sofa,7,369.7,0,2892.69,1097.2,19,5.0,Cash,Online
2023-03-20,West,Toys,Board Game,6,34.37,15,194.79,66.84,18,3.9,Cash,Online
2023-03-20,North,Clothing,Shoes,4,53.16,5,224.45,93.98,47,4.1,Bank Transfer,Online
2023-03-20,South,Clothing,Jacket,11,62.3,0,761.44,168.78,24,4.0,Credit Card,In-Store
2023-03-21,West,Food,Snacks,4,29.22,0,129.12,34.24,48,4.1,Credit Card,In-Store
2023-03-21,East,Furniture,Table,5,260.85,10,1296.55,465.15,30,3.8,E-Wallet,In-Store
2023-03-21,West,Electronics,Headphones,5,459.02,10,2281.54,855.77,48,3.7,Credit Card,In-Store
2023-03-22,West,Furniture,Shelf,6,312.43,10,1852.26,514.2,34,4.6,E-Wallet,Online
2023-03-22,East,Furniture,Table,9,271.84,0,2686.09,923.87,50,4.2,Cash,Online
2023-03-23,North,Electronics,Tablet,3,386.0,10,1137.25,446.56,27,3.5,E-Wallet,Online
2023-03-23,South,Food,Beverages,13,30.46,20,345.62,118.36,28,1.9,Credit Card,Online
2023-03-23,South,Furniture,Table,5,315.37,5,1634.63,379.52,32,3.6,Credit Card,In-Store
2023-03-24,North,Clothing,Jacket,3,48.43,0,157.57,68.2,48,2.9,E-Wallet,In-Store
2023-03-24,Central,Electronics,Laptop,4,540.67,15,1993.59,713.53,23,3.5,Cash,Online
2023-03-24,South,Toys,Board Game,2,51.62,0,111.95,23.44,30,2.9,Bank Transfer,Online
2023-03-25,Central,Food,Bakery,9,27.57,0,267.46,119.37,34,4.9,Cash,In-Store
2023-03-25,East,Electronics,Tablet,9,473.33,0,4591.19,1043.76,43,4.9,E-Wallet,In-Store
2023-03-25,West,Toys,Action Figure,7,49.57,0,373.95,133.24,32,4.6,Bank Transfer,In-Store
2023-03-26,East,Toys,Action Figure,4,51.05,5,207.76,83.65,45,3.7,Credit Card,Online
2023-03-26,East,Furniture,Chair,6,353.18,0,2269.49,1012.77,28,3.5,E-Wallet,Online
2023-03-27,East,Furniture,Sofa,6,306.82,20,1567.26,677.64,50,3.0,Credit Card,Online
2023-03-27,North,Furniture,Shelf,6,328.83,5,1994.66,811.91,47,4.7,E-Wallet,In-Store
2023-03-27,West,Electronics,Smartphone,4,517.71,10,1983.39,879.93,30,4.8,E-Wallet,Online
2023-03-28,South,Electronics,Laptop,10,403.71,5,4055.34,1484.41,47,4.4,Cash,Online
2023-03-28,North,Food,Bakery,7,25.59,10,170.47,74.8,23,3.2,Credit Card,In-Store
2023-03-28,East,Furniture,Table,8,364.47,5,2928.95,811.16,40,3.7,E-Wallet,Online
2023-03-29,North,Toys,Doll,6,45.09,15,241.61,59.26,27,4.1,E-Wallet,In-Store
2023-03-29,Central,Clothing,T-Shirt,5,60.34,15,269.39,61.46,42,2.7,Bank Transfer,Online
2023-03-30,Central,Food,Snacks,5,28.29,10,132.88,41.55,35,5.0,E-Wallet,Online
2023-03-30,Central,Electronics,Tablet,4,386.6,5,1533.31,327.17,28,3.0,Credit Card,In-Store
2023-03-30,South,Food,Dairy,12,25.02,15,266.35,119.48,18,3.6,E-Wallet,Online
2023-03-31,North,Food,Bakery,5,29.91,5,147.33,61.36,35,2.7,E-Wallet,Online
2023-03-31,Central,Food,Beverages,7,22.76,0,165.17,62.22,53,3.8,Credit Card,Online
2023-03-31,South,Food,Dairy,9,22.32,0,208.33,52.65,41,3.8,Credit Card,In-Store
2023-04-01,Central,Clothing,Jeans,5,76.52,20,315.28,72.09,18,5.0,E-Wallet,In-Store
2023-04-01,Central,Furniture,Shelf,11,271.48,0,3075.96,908.84,34,3.2,E-Wallet,In-Store
2023-04-01,Central,Toys,Board Game,5,37.22,15,162.93,57.71,53,3.2,Credit Card,In-Store
2023-04-02,South,Food,Beverages,7,32.12,0,230.04,65.23,33,4.1,Bank Transfer,In-Store
2023-04-02,South,Food,Bakery,7,29.18,5,198.56,80.37,25,2.4,Cash,Online
2023-04-03,Central,Food,Bakery,6,28.74,10,157.75,52.93,60,5.0,Bank Transfer,In-Store
2023-04-03,South,Furniture,Sofa,5,367.94,0,1869.62,604.1,23,2.9,Cash,Online
2023-04-03,North,Electronics,Tablet,8,386.06,10,2824.84,1197.12,35,5.0,Cash,In-Store
2023-04-04,East,Electronics,Laptop,4,518.84,10,1885.35,832.44,30,3.5,Credit Card,In-Store
2023-04-04,Central,Clothing,Jeans,7,63.11,5,423.62,111.19,46,2.9,E-Wallet,In-Store
2023-04-04,West,Electronics,Smartphone,6,546.56,10,2979.11,942.36,44,4.6,Cash,Online
2023-04-05,East,Food,Bakery,3,26.35,0,79.25,29.08,26,4.4,E-Wallet,In-Store
2023-04-05,North,Food,Bakery,6,27.75,5,158.59,54.03,28,4.5,Credit Card,Online
2023-04-05,East,Food,Snacks,2,25.97,0,52.07,10.97,39,4.1,E-Wallet,Online
2023-04-06,Central,Clothing,Jacket,4,62.34,0,248.28,87.84,40,5.0,Cash,In-Store
2023-04-06,North,Food,Bakery,7,29.6,20,165.03,69.99,35,3.1,Credit Card,Online
2023-04-07,East,Electronics,Tablet,7,501.43,10,3123.38,1043.52,34,5.0,Credit Card,Online
2023-04-07,Central,Furniture,Shelf,13,334.99,10,3875.2,1116.01,22,2.8,Credit Card,In-Store
2023-04-07,West,Furniture,Shelf,4,307.54,10,1094.67,489.29,62,5.0,E-Wallet,In-Store
2023-04-08,West,Toys,Action Figure,5,42.62,0,209.24,76.77,46,4.3,Cash,In-Store
2023-04-08,West,Electronics,Tablet,4,527.79,10,1865.54,655.96,38,5.0,Credit Card,In-Store
2023-04-08,South,Food,Beverages,5,30.32,15,126.54,42.27,50,4.8,Credit Card,Online
2023-04-09,South,Furniture,Shelf,1,344.48,0,335.86,125.81,35,2.3,Cash,Online
2023-04-09,West,Electronics,Headphones,8,567.92,15,3765.17,1066.56,27,3.9,Credit Card,Online
2023-04-09,West,Furniture,Chair,8,363.05,10,2548.53,544.93,42,3.1,Cash,Online
2023-04-10,Central,Food,Dairy,4,27.02,0,104.65,23.18,39,5.0,E-Wallet,In-Store
2023-04-10,Central,Furniture,Shelf,5,340.71,5,1566.75,444.8,59,4.6,Cash,Online
2023-04-11,East,Toys,Doll,7,50.53,5,322.98,104.41,28,4.2,Cash,Online
2023-04-11,East,Toys,Doll,5,44.38,0,213.32,51.95,25,3.7,Credit Card,In-Store
2023-04-11,West,Furniture,Sofa,4,363.72,15,1188.72,286.5,65,4.4,Credit Card,Online
2023-04-12,East,Electronics,Tablet,5,514.98,20,1965.99,476.96,53,3.4,E-Wallet,Online
2023-04-12,West,Electronics,Headphones,8,484.19,15,3142.32,1290.04,46,4.3,Bank Transfer,In-Store
2023-04-12,West,Electronics,Smartphone,6,414.41,15,2017.13,894.88,29,4.1,Cash,Online
2023-04-13,Central,Furniture,Chair,5,303.9,20,1151.86,235.21,43,3.5,Credit Card,In-Store
2023-04-13,South,Electronics,Laptop,12,577.74,20,5255.49,1104.11,21,4.8,Cash,In-Store
2023-04-13,South,Food,Dairy,3,28.22,0,80.23,24.78,31,5.0,E-Wallet,In-Store
2023-04-14,North,Toys,Action Figure,5,43.29,5,193.43,39.02,22,3.0,E-Wallet,Online
2023-04-14,East,Food,Dairy,6,31.66,0,178.71,45.99,28,4.8,E-Wallet,Online
2023-04-15,North,Electronics,Smartphone,5,491.97,5,2182.47,699.82,22,3.5,Credit Card,In-Store
2023-04-15,East,Food,Bakery,5,26.58,20,99.28,35.01,47,4.7,E-Wallet,Online
2023-04-15,East,Electronics,Smartphone,2,530.84,0,991.56,299.24,61,3.5,E-Wallet,Online
2023-04-16,South,Furniture,Table,3,346.9,10,868.41,278.8,50,3.9,Cash,Online
2023-04-16,East,Food,Beverages,10,22.41,10,187.04,37.7,47,3.9,Cash,In-Store
2023-04-16,North,Furniture,Chair,7,310.7,0,2016.46,660.16,33,5.0,Cash,In-Store
2023-04-17,North,Furniture,Table,8,310.88,0,2289.06,551.71,40,3.9,E-Wallet,In-Store
2023-04-17,West,Clothing,Shoes,7,59.35,5,363.24,89.57,24,3.8,Bank Transfer,In-Store
2023-04-17,South,Electronics,Tablet,5,476.39,0,2192.36,947.43,21,3.9,Credit Card,Online
2023-04-18,North,Toys,Doll,11,40.26,10,364.18,155.96,19,5.0,Cash,In-Store
2023-04-18,East,Electronics,Smartphone,4,404.85,5,1405.62,400.67,22,4.5,Bank Transfer,Online
2023-04-19,West,Toys,Board Game,10,40.25,5,346.77,133.59,46,3.5,Credit Card,In-Store
2023-04-19,North,Electronics,Headphones,1,376.26,0,341.25,97.47,48,5.0,Cash,In-Store
2023-04-19,East,Furniture,Shelf,9,326.37,5,2530.82,1047.36,26,4.2,Credit Card,In-Store
2023-04-20,North,Food,Snacks,8,30.67,0,220.9,77.48,41,3.3,Credit Card,In-Store
2023-04-20,North,Food,Dairy,2,29.07,20,41.87,17.77,52,4.5,Bank Transfer,Online
2023-04-20,East,Clothing,Jeans,4,58.81,0,211.79,80.37,36,3.9,Cash,In-Store
2023-04-21,East,Toys,Board Game,5,33.74,20,120.61,51.61,28,1.5,E-Wallet,In-Store
2023-04-21,East,Toys,Doll,5,36.04,10,144.94,30.05,32,4.4,Credit Card,In-Store
2023-04-22,West,Toys,Puzzle,6,42.91,15,194.11,68.18,56,3.2,Credit Card,In-Store
2023-04-22,Central,Furniture,Sofa,9,271.06,0,2163.86,486.23,37,3.0,E-Wallet,In-Store
2023-04-22,East,Toys,Board Game,9,42.88,0,342.31,70.93,65,2.3,Cash,In-Store
2023-04-23,South,Food,Bakery,5,22.89,5,95.75,21.31,29,4.2,Credit Card,Online
2023-04-23,West,Furniture,Chair,2,367.34,0,646.82,217.5,31,3.9,Bank Transfer,Online
2023-04-23,South,Electronics,Laptop,8,449.39,20,2532.13,646.39,19,5.0,Cash,Online
2023-04-24,South,Toys,Doll,4,36.91,5,122.57,50.45,51,3.4,Cash,Online
2023-04-24,North,Toys,Action Figure,3,48.25,25,94.86,40.44,39,3.8,E-Wallet,Online
2023-04-24,North,Electronics,Headphones,8,437.14,15,2597.59,599.46,26,5.0,Credit Card,In-Store
2023-04-25,Central,Toys,Action Figure,3,34.23,0,89.07,39.39,33,2.4,Cash,Online
2023-04-25,West,Electronics,Headphones,9,488.34,10,3430.84,709.9,44,5.0,E-Wallet,In-Store
2023-04-26,West,Furniture,Sofa,7,327.23,0,1971.94,556.02,27,3.4,Credit Card,Online
2023-04-26,South,Food,Beverages,5,28.93,0,124.54,42.98,42,5.0,E-Wallet,In-Store
2023-04-26,North,Electronics,Tablet,7,414.05,0,2495.09,1034.61,49,4.6,Credit Card,Online
2023-04-27,North,Clothing,Shoes,6,61.31,20,251.46,67.69,32,3.7,E-Wallet,In-Store
2023-04-27,South,Electronics,Headphones,4,423.53,5,1375.15,425.23,18,3.0,Credit Card,In-Store
2023-04-27,East,Toys,Doll,10,33.62,10,258.53,70.38,34,4.4,Bank Transfer,In-Store
2023-04-28,West,Furniture,Sofa,6,371.49,0,1890.24,653.12,31,2.5,E-Wallet,Online
2023-04-28,West,Furniture,Shelf,6,349.33,5,1688.61,731.9,21,4.7,Credit Card,Online
2023-04-28,South,Electronics,Headphones,7,427.83,5,2412.73,895.74,45,2.9,Bank Transfer,Online
2023-04-29,Central,Food,Bakery,6,27.49,0,138.84,51.54,46,3.2,Cash,Online
2023-04-29,West,Clothing,T-Shirt,5,54.04,0,227.42,101.84,40,1.8,E-Wallet,Online
2023-04-30,East,Furniture,Table,4,373.54,5,1185.79,530.76,32,4.2,E-Wallet,Online
2023-04-30,East,Toys,Puzzle,3,34.3,10,77.36,28.42,39,4.3,Credit Card,In-Store
2023-04-30,South,Toys,Action Figure,7,32.08,0,187.58,50.29,29,4.0,Credit Card,In-Store
2023-05-01,North,Food,Beverages,4,26.28,25,65.36,19.21,46,2.8,Credit Card,In-Store
2023-05-01,South,Furniture,Sofa,5,327.47,0,1357.6,529.8,32,5.0,Cash,Online
2023-05-01,West,Electronics,Smartphone,7,490.27,5,2703.24,809.11,34,4.0,Credit Card,Online
2023-05-02,North,Toys,Puzzle,5,33.09,0,136.16,39.23,35,3.6,Cash,In-Store
2023-05-02,North,Food,Snacks,8,23.93,0,157.52,50.3,75,4.5,Credit Card,Online
2023-05-02,North,Furniture,Shelf,10,314.88,20,2073.03,662.67,24,3.8,E-Wallet,Online
2023-05-03,North,Furniture,Chair,11,272.49,15,2080.99,744.09,31,4.6,Credit Card,In-Store
2023-05-03,Central,Furniture,Shelf,8,370.89,10,2181.2,914.25,18,3.5,Credit Card,In-Store
2023-05-04,West,Furniture,Table,7,253.07,20,1148.9,406.29,41,4.9,Credit Card,In-Store
2023-05-04,East,Furniture,Chair,6,313.11,15,1294.57,470.79,60,4.7,E-Wallet,In-Store
2023-05-04,North,Toys,Action Figure,5,45.83,10,167.19,50.49,35,3.7,E-Wallet,In-Store
2023-05-05,East,Food,Snacks,3,23.27,15,47.75,11.27,29,4.3,Credit Card,In-Store
2023-05-05,East,Furniture,Chair,4,333.64,5,1020.17,363.34,37,4.1,E-Wallet,In-Store
2023-05-05,North,Clothing,Shoes,5,72.88,10,263.9,71.93,51,4.0,E-Wallet,Online
2023-05-06,South,Clothing,Jeans,11,53.71,15,401.09,99.09,55,3.1,Bank Transfer,In-Store
2023-05-06,South,Food,Snacks,3,31.47,0,75.39,29.94,24,3.2,Cash,Online
2023-05-06,East,Electronics,Headphones,2,484.55,20,619.21,139.07,46,3.9,Credit Card,In-Store
2023-05-07,East,Electronics,Smartphone,5,427.33,0,1693.85,732.4,36,4.1,Credit Card,Online
2023-05-07,North,Electronics,Smartphone,10,456.94,20,2897.99,650.8,56,3.5,Credit Card,Online
2023-05-08,South,Clothing,Jeans,7,57.37,0,315.99,129.27,67,3.9,E-Wallet,Online
2023-05-08,East,Electronics,Tablet,11,523.15,0,4528.38,1656.06,61,2.2,Cash,Online
2023-05-08,East,Toys,Board Game,7,47.93,0,263.99,78.85,25,4.0,E-Wallet,Online
2023-05-09,Central,Furniture,Table,5,364.94,20,1140.24,254.93,27,4.3,Credit Card,Online
2023-05-09,West,Clothing,T-Shirt,5,77.57,0,302.97,116.97,60,4.7,Credit Card,In-Store
2023-05-09,North,Food,Snacks,10,29.89,10,210.13,54.45,36,5.0,Bank Transfer,In-Store
2023-05-10,North,Food,Bakery,6,27.52,10,115.22,31.38,27,4.6,Bank Transfer,In-Store
2023-05-10,East,Furniture,Chair,5,290.88,0,1127.73,462.45,20,5.0,E-Wallet,In-Store
2023-05-11,North,Clothing,Jeans,3,64.34,25,111.42,36.78,39,4.2,Credit Card,In-Store
2023-05-11,East,Electronics,Laptop,6,369.24,0,1705.26,562.1,32,4.0,Bank Transfer,In-Store
2023-05-11,Central,Electronics,Smartphone,5,527.59,10,1827.41,683.17,43,4.7,Credit Card,In-Store
2023-05-12,East,Toys,Puzzle,6,40.92,5,178.22,45.45,40,3.9,E-Wallet,In-Store
2023-05-12,South,Toys,Board Game,3,32.4,0,74.27,16.23,22,3.7,Credit Card,In-Store
2023-05-12,East,Electronics,Tablet,7,374.06,0,2000.81,541.93,27,5.0,E-Wallet,Online
2023-05-13,East,Food,Bakery,6,24.84,10,101.77,21.04,50,4.7,E-Wallet,Online
2023-05-13,East,Food,Dairy,5,27.29,20,82.82,36.22,51,4.7,E-Wallet,In-Store
2023-05-13,Central,Toys,Board Game,5,41.28,0,156.59,69.01,33,3.3,E-Wallet,Online
2023-05-14,South,Furniture,Shelf,3,332.88,0,752.12,170.38,40,4.8,Bank Transfer,Online
2023-05-14,Central,Electronics,Headphones,5,468.07,25,1321.95,298.17,24,4.4,Cash,Online
2023-05-15,Central,Toys,Action Figure,7,45.23,0,236.77,100.21,37,3.2,E-Wallet,In-Store
2023-05-15,North,Toys,Puzzle,6,36.38,5,155.07,55.92,52,4.6,Credit Card,In-Store
2023-05-15,North,Electronics,Tablet,8,385.39,5,2190.16,528.16,59,3.0,Credit Card,Online
2023-05-16,North,Electronics,Headphones,2,494.2,0,733.84,306.65,36,2.1,E-Wallet,Online
2023-05-16,North,Food,Beverages,3,26.06,10,52.24,20.01,33,2.7,E-Wallet,Online
2023-05-16,North,Furniture,Shelf,6,244.03,20,869.67,243.29,19,4.0,Credit Card,In-Store
2023-05-17,West,Furniture,Sofa,7,297.07,5,1456.41,297.87,30,5.0,Credit Card,Online
2023-05-17,North,Electronics,Tablet,9,383.88,10,2292.33,574.72,37,4.4,Credit Card,Online
2023-05-17,South,Clothing,Jacket,6,63.94,10,254.55,65.08,35,4.0,E-Wallet,Online
2023-05-18,West,Toys,Doll,10,39.92,5,277.6,101.14,30,5.0,Credit Card,Online
2023-05-18,North,Toys,Action Figure,2,44.26,0,64.81,18.45,53,4.4,Credit Card,Online
2023-05-19,West,Electronics,Smartphone,4,541.26,10,1416.58,597.41,43,4.9,Credit Card,In-Store
2023-05-19,South,Clothing,T-Shirt,6,56.99,5,236.16,47.69,35,4.9,Credit Card,Online
2023-05-19,North,Food,Bakery,5,32.03,0,116.42,38.4,46,3.7,E-Wallet,In-Store
2023-05-20,West,Electronics,Laptop,3,480.52,20,832.65,241.72,37,4.0,Bank Transfer,Online
2023-05-20,East,Electronics,Tablet,5,499.12,15,1531.55,353.72,58,3.4,Credit Card,Online
2023-05-20,Central,Toys,Board Game,3,45.61,25,74.1,33.33,27,5.0,Credit Card,Online
2023-05-21,West,Electronics,Headphones,4,510.01,0,1462.92,301.37,42,3.0,E-Wallet,In-Store
2023-05-21,West,Electronics,Laptop,10,474.97,15,2895.09,1042.84,18,3.5,E-Wallet,In-Store
2023-05-21,South,Electronics,Tablet,6,456.47,10,1767.61,645.36,32,4.0,Credit Card,In-Store
2023-05-22,North,Toys,Puzzle,3,33.08,25,53.01,21.93,39,4.3,Credit Card,Online
2023-05-22,West,Food,Beverages,7,20.28,20,80.88,19.04,33,4.7,Bank Transfer,Online
2023-05-23,West,Food,Snacks,7,24.47,25,90.91,21.12,23,4.3,E-Wallet,Online
2023-05-23,Central,Electronics,Laptop,7,435.07,25,1616.1,719.17,28,4.0,Bank Transfer,Online
2023-05-23,South,Toys,Board Game,5,39.75,0,140.64,61.33,24,4.6,Credit Card,Online
2023-05-24,South,Food,Snacks,9,21.73,10,123.71,27.27,36,4.8,E-Wallet,Online
2023-05-24,West,Food,Bakery,6,29.23,0,123.26,51.68,48,2.6,E-Wallet,Online
2023-05-24,South,Food,Dairy,9,30.71,10,174.85,51.54,33,5.0,E-Wallet,In-Store
2023-05-25,Central,Toys,Puzzle,10,50.77,25,265.92,78.47,61,3.9,Bank Transfer,In-Store
2023-05-25,Central,Toys,Action Figure,6,41.85,0,175.33,40.78,40,5.0,Credit Card,Online
2023-05-25,South,Electronics,Laptop,7,517.69,10,2277.53,698.83,18,3.6,E-Wallet,Online
2023-05-26,West,Furniture,Chair,7,368.33,10,1610.04,549.82,42,3.3,Credit Card,In-Store
2023-05-26,West,Food,Snacks,7,25.23,0,122.53,25.29,37,4.5,E-Wallet,Online
2023-05-27,North,Furniture,Sofa,7,286.41,0,1382.27,542.95,55,5.0,E-Wallet,In-Store
2023-05-27,Central,Toys,Doll,3,50.73,0,104.94,40.33,37,2.7,E-Wallet,In-Store
2023-05-27,East,Toys,Action Figure,3,42.31,0,87.52,37.53,34,4.7,Credit Card,In-Store
2023-05-28,West,Toys,Puzzle,7,41.95,10,181.06,37.33,64,4.4,Credit Card,Online
2023-05-28,South,Furniture,Shelf,9,266.76,5,1562.72,427.26,18,4.1,Credit Card,In-Store
2023-05-28,Central,Toys,Doll,7,34.16,0,163.85,73.24,33,5.0,Credit Card,In-Store
2023-05-29,South,Electronics,Headphones,9,549.47,25,2525.63,691.82,41,2.7,Credit Card,Online
2023-05-29,North,Toys,Action Figure,6,44.28,10,162.83,56.82,32,5.0,Bank Transfer,In-Store
2023-05-29,Central,Clothing,Jacket,7,57.77,5,261.62,54.45,18,4.9,Cash,Online
2023-05-30,North,Furniture,Shelf,9,268.76,0,1637.19,623.2,43,5.0,Cash,In-Store
2023-05-30,South,Clothing,Shoes,3,64.66,10,118.17,32.19,32,5.0,E-Wallet,Online
2023-05-31,Central,Toys,Doll,9,43.68,5,251.27,73.66,36,4.3,E-Wallet,Online
2023-05-31,Central,Electronics,Headphones,3,406.57,10,738.61,330.15,54,3.9,Cash,In-Store
2023-05-31,East,Food,Beverages,9,30.64,10,167.0,38.19,41,3.6,Credit Card,Online
2023-06-01,East,Toys,Puzzle,4,33.69,0,90.13,37.41,29,4.5,Credit Card,Online
2023-06-01,South,Electronics,Headphones,10,440.12,20,2355.27,669.14,43,4.2,Cash,Online
2023-06-01,South,Furniture,Shelf,8,342.06,5,1738.97,445.37,32,3.9,E-Wallet,Online
2023-06-02,South,Clothing,Jacket,8,56.22,5,284.2,83.06,34,3.7,E-Wallet,In-Store
2023-06-02,West,Clothing,Shoes,5,72.83,25,181.65,77.33,47,3.9,E-Wallet,Online
2023-06-03,West,Clothing,T-Shirt,9,70.2,5,396.95,81.85,29,4.7,E-Wallet,Online
2023-06-03,West,Furniture,Chair,4,358.35,10,853.25,333.45,45,4.1,E-Wallet,Online
2023-06-03,West,Electronics,Smartphone,6,386.8,10,1381.47,404.82,35,5.0,Bank Transfer,Online
2023-06-04,North,Furniture,Shelf,4,261.08,0,686.94,172.22,31,2.9,E-Wallet,In-Store
2023-06-04,East,Clothing,Jeans,5,56.59,25,139.6,30.04,31,4.8,Credit Card,Online
2023-06-04,North,Toys,Action Figure,3,42.36,5,79.41,23.74,30,3.3,Credit Card,In-Store
2023-06-05,East,Food,Snacks,3,29.35,5,54.73,21.08,39,5.0,Cash,Online
2023-06-05,South,Furniture,Sofa,6,365.48,20,1147.78,276.43,34,5.0,E-Wallet,Online
2023-06-05,Central,Furniture,Sofa,10,345.65,5,2148.4,879.11,55,2.9,E-Wallet,In-Store
2023-06-06,South,Electronics,Smartphone,7,568.93,10,2332.85,1036.79,26,3.5,Credit Card,Online
2023-06-06,North,Electronics,Laptop,6,526.22,15,1746.71,389.45,45,3.5,E-Wallet,Online
2023-06-07,North,Furniture,Shelf,2,285.94,0,370.32,113.37,52,5.0,Credit Card,Online
2023-06-07,West,Clothing,Jacket,7,55.95,0,253.62,109.71,60,3.5,Bank Transfer,Online
2023-06-07,East,Food,Beverages,7,28.7,0,130.1,39.69,27,4.6,Cash,Online
2023-06-08,North,Electronics,Headphones,4,403.4,20,831.76,344.14,51,3.7,Credit Card,In-Store
2023-06-08,North,Clothing,Jacket,5,50.78,0,163.6,72.34,40,4.9,Credit Card,Online
2023-06-08,West,Toys,Doll,5,42.64,0,137.39,57.82,51,4.9,Credit Card,Online
2023-06-09,North,Electronics,Laptop,5,544.87,0,1746.97,447.62,29,5.0,Credit Card,In-Store
2023-06-09,West,Clothing,Shoes,6,51.04,0,196.38,51.27,36,3.9,E-Wallet,In-Store
2023-06-09,West,Clothing,T-Shirt,8,71.76,10,331.3,99.03,33,4.1,Credit Card,Online
2023-06-10,North,Food,Dairy,8,30.14,25,115.44,45.91,32,4.2,E-Wallet,Online
2023-06-10,North,Food,Beverages,6,26.03,0,99.68,26.44,38,4.0,Credit Card,Online
2023-06-11,Central,Toys,Doll,14,33.15,5,280.1,97.47,70,3.7,Credit Card,Online
2023-06-11,South,Clothing,T-Shirt,9,53.24,15,258.77,83.4,46,4.9,E-Wallet,Online
2023-06-11,South,Clothing,Jacket,3,69.22,5,125.35,28.28,33,3.5,Cash,Online
2023-06-12,West,Food,Snacks,4,28.9,20,58.5,19.63,34,4.1,Cash,Online
2023-06-12,Central,Electronics,Laptop,6,562.13,5,2026.91,594.71,45,4.2,Credit Card,Online
2023-06-12,Central,Electronics,Laptop,10,491.1,0,3106.69,651.04,35,4.4,Credit Card,Online
2023-06-13,West,Furniture,Sofa,8,258.62,25,977.45,329.55,35,3.3,Credit Card,Online
2023-06-13,South,Food,Beverages,7,21.52,5,90.14,27.93,23,3.9,Cash,Online
2023-06-13,North,Furniture,Table,8,348.17,0,1754.56,533.21,37,4.0,Credit Card,Online
2023-06-14,West,Food,Beverages,6,22.3,0,83.93,32.72,18,4.6,Cash,In-Store
2023-06-14,East,Toys,Puzzle,7,38.57,25,127.03,33.76,18,4.1,E-Wallet,In-Store
2023-06-15,South,Clothing,Jacket,5,62.62,15,166.3,44.63,33,4.1,Credit Card,In-Store
2023-06-15,Central,Toys,Puzzle,4,32.5,5,77.17,30.6,46,4.1,Bank Transfer,Online
2023-06-15,North,Food,Beverages,8,23.11,15,98.21,43.87,58,4.9,Credit Card,In-Store
2023-06-16,East,Clothing,Jeans,7,60.24,5,249.39,49.94,43,2.4,E-Wallet,Online
2023-06-16,North,Electronics,Headphones,5,422.92,0,1316.5,401.01,44,4.1,E-Wallet,Online
2023-06-16,East,Electronics,Laptop,6,390.68,10,1313.45,531.61,39,5.0,Credit Card,In-Store
2023-06-17,North,Furniture,Shelf,6,349.2,10,1169.8,443.48,48,3.4,Bank Transfer,In-Store
2023-06-17,North,Food,Bakery,4,30.16,5,71.11,21.02,40,3.4,Cash,Online
2023-06-17,North,Food,Beverages,3,23.22,0,43.21,17.96,42,5.0,Credit Card,Online
2023-06-18,East,Electronics,Headphones,2,534.24,0,660.59,291.11,18,3.7,Cash,Online
2023-06-18,West,Toys,Puzzle,4,39.71,15,83.47,20.9,41,3.8,Bank Transfer,In-Store
2023-06-19,East,Clothing,T-Shirt,3,63.2,15,99.31,26.92,38,4.4,E-Wallet,In-Store
2023-06-19,Central,Toys,Action Figure,7,49.12,10,190.7,71.06,32,1.7,Credit Card,Online
2023-06-19,South,Toys,Action Figure,5,47.0,15,123.09,53.59,33,2.7,Cash,In-Store
2023-06-20,South,Electronics,Laptop,5,541.15,10,1496.08,491.36,20,4.6,Credit Card,Online
2023-06-20,Central,Electronics,Laptop,8,390.79,20,1536.55,585.35,45,4.0,Cash,In-Store
2023-06-20,North,Electronics,Smartphone,5,375.69,0,1154.03,404.55,41,3.9,Cash,In-Store
2023-06-21,Central,Furniture,Chair,4,374.01,5,870.64,332.15,38,3.6,Credit Card,Online
2023-06-21,North,Toys,Doll,5,39.76,5,115.68,46.99,40,3.8,Cash,Online
2023-06-22,Central,Food,Beverages,5,23.6,0,72.09,25.46,21,5.0,Bank Transfer,Online
2023-06-22,North,Clothing,T-Shirt,6,69.74,10,230.08,48.03,60,4.2,Cash,In-Store
2023-06-22,Central,Furniture,Table,7,365.46,20,1250.33,479.43,50,5.0,E-Wallet,Online
2023-06-23,East,Food,Dairy,4,30.78,5,71.28,26.09,46,3.9,Credit Card,In-Store
2023-06-23,Central,Toys,Action Figure,5,38.32,20,93.41,34.34,57,4.2,Bank Transfer,Online
2023-06-23,North,Electronics,Smartphone,4,551.75,5,1277.67,421.54,40,4.3,Credit Card,In-Store
2023-06-24,East,Toys,Board Game,3,32.82,5,56.86,13.6,34,4.5,Cash,Online
2023-06-24,Central,Clothing,Shoes,1,49.49,10,27.08,9.46,41,3.4,E-Wallet,Online
2023-06-24,East,Furniture,Chair,6,333.53,0,1216.64,302.29,57,4.0,E-Wallet,Online
2023-06-25,East,Furniture,Sofa,5,249.47,5,718.87,302.82,26,3.6,Credit Card,Online
2023-06-25,West,Clothing,Jeans,8,57.74,10,252.2,57.07,57,5.0,Cash,Online
2023-06-26,East,Food,Snacks,2,28.41,20,27.52,11.11,20,2.8,E-Wallet,In-Store
2023-06-26,East,Food,Dairy,4,24.22,10,52.78,23.23,44,4.6,Credit Card,Online
2023-06-26,East,Furniture,Chair,6,266.94,0,969.74,397.99,51,3.4,E-Wallet,Online
2023-06-27,Central,Furniture,Chair,6,282.2,0,1023.36,411.71,46,3.1,Credit Card,Online
2023-06-27,North,Electronics,Headphones,8,462.95,25,1678.83,542.05,51,4.0,Credit Card,Online
2023-06-27,South,Food,Snacks,3,25.94,5,44.69,15.08,36,5.0,Credit Card,Online
2023-06-28,Central,Clothing,Shoes,5,71.49,20,172.56,46.77,21,3.7,Credit Card,In-Store
2023-06-28,Central,Food,Dairy,5,29.38,5,84.2,36.82,51,2.6,E-Wallet,Online
2023-06-28,East,Electronics,Tablet,5,462.78,10,1256.66,409.13,62,3.3,Cash,Online
2023-06-29,East,Furniture,Table,7,366.85,10,1392.68,510.95,35,4.2,Cash,In-Store
2023-06-29,South,Furniture,Chair,9,257.14,0,1394.52,407.65,46,2.7,Credit Card,Online
2023-06-30,North,Electronics,Smartphone,7,417.45,10,1582.88,695.01,27,4.7,Credit Card,In-Store
2023-06-30,East,Clothing,Jeans,6,72.84,5,249.88,110.27,26,2.8,Cash,Online
2023-06-30,South,Furniture,Chair,4,296.7,10,642.86,220.62,39,3.7,Credit Card,Online
2023-07-01,East,Toys,Board Game,3,51.62,15,79.15,19.56,28,4.9,E-Wallet,In-Store
2023-07-01,North,Furniture,Chair,8,309.94,0,1490.83,420.75,39,3.6,Bank Transfer,Online
2023-07-01,Central,Toys,Action Figure,4,47.84,10,103.55,46.16,75,2.9,E-Wallet,Online
2023-07-02,Central,Electronics,Smartphone,7,450.52,0,1894.62,768.04,28,3.9,Cash,In-Store
2023-07-02,West,Electronics,Headphones,3,455.61,0,821.16,322.98,42,3.6,E-Wallet,Online
2023-07-02,East,Furniture,Chair,8,297.43,10,1286.56,442.88,18,5.0,Bank Transfer,Online
2023-07-03,South,Food,Beverages,5,28.99,0,87.02,26.4,44,4.7,Cash,In-Store
2023-07-03,West,Toys,Doll,10,42.95,10,232.09,91.88,28,4.5,E-Wallet,In-Store
2023-07-04,West,Clothing,Jeans,10,76.31,0,458.0,162.3,41,4.0,E-Wallet,Online
2023-07-04,North,Furniture,Table,4,277.63,0,666.49,202.62,41,3.8,E-Wallet,In-Store
2023-07-04,Central,Clothing,Jacket,11,51.02,0,336.8,119.27,39,3.8,E-Wallet,Online
2023-07-05,West,Furniture,Shelf,9,298.99,0,1614.6,668.78,25,2.6,E-Wallet,Online
2023-07-05,Central,Food,Beverages,4,27.71,15,56.53,18.49,34,4.2,E-Wallet,In-Store
2023-07-05,West,Food,Beverages,7,30.76,10,116.28,42.91,41,3.5,E-Wallet,Online
2023-07-06,East,Food,Bakery,6,24.33,20,70.06,16.39,34,4.1,Cash,Online
2023-07-06,South,Food,Snacks,5,28.17,0,84.52,21.64,56,4.0,E-Wallet,Online
2023-07-06,Central,Electronics,Laptop,2,438.79,15,447.58,180.12,38,3.8,Credit Card,In-Store
2023-07-07,Central,Electronics,Smartphone,4,498.87,10,1077.77,443.87,25,4.8,E-Wallet,Online
2023-07-07,North,Toys,Action Figure,6,49.7,0,178.94,64.97,43,3.1,Credit Card,Online
2023-07-08,North,Clothing,T-Shirt,6,54.94,10,178.11,61.8,18,3.7,Cash,Online
2023-07-08,South,Furniture,Sofa,8,300.64,10,1299.48,281.98,63,3.8,E-Wallet,Online
2023-07-08,West,Furniture,Shelf,3,388.99,5,665.55,249.31,18,5.0,E-Wallet,Online
2023-07-09,Central,Electronics,Tablet,5,555.43,10,1501.35,349.97,49,4.1,Credit Card,In-Store
2023-07-09,North,Furniture,Sofa,5,324.7,5,926.43,299.86,47,4.0,Credit Card,Online
2023-07-09,East,Electronics,Headphones,5,476.24,0,1430.34,326.97,23,4.7,Bank Transfer,Online
2023-07-10,South,Toys,Board Game,9,37.69,5,193.73,53.18,45,3.6,Credit Card,Online
2023-07-10,Central,Clothing,Jacket,10,63.52,20,305.46,83.36,29,4.9,Credit Card,In-Store
2023-07-10,West,Toys,Board Game,7,48.96,5,195.74,62.69,35,4.4,E-Wallet,Online
2023-07-11,West,Food,Dairy,4,28.56,5,65.31,15.67,44,5.0,E-Wallet,In-Store
2023-07-11,East,Food,Bakery,6,23.63,10,76.77,29.66,37,3.8,E-Wallet,In-Store
2023-07-12,South,Food,Dairy,6,22.52,15,69.18,15.44,24,4.0,E-Wallet,Online
2023-07-12,South,Toys,Puzzle,5,37.3,10,101.13,29.41,43,4.2,E-Wallet,In-Store
2023-07-12,North,Furniture,Sofa,4,265.46,0,639.68,217.7,35,4.0,Bank Transfer,Online
2023-07-13,Central,Clothing,Jacket,3,50.87,10,82.85,16.94,36,4.7,E-Wallet,Online
2023-07-13,West,Food,Bakery,4,25.24,5,57.86,13.57,37,3.9,Credit Card,In-Store
2023-07-13,Central,Food,Bakery,4,21.42,5,49.09,12.62,20,3.3,Cash,In-Store
2023-07-14,Central,Food,Dairy,7,22.15,10,84.3,32.16,23,5.0,E-Wallet,In-Store
2023-07-14,East,Clothing,Shoes,7,64.42,10,245.2,50.65,30,5.0,Cash,Online
2023-07-15,West,Food,Beverages,3,22.06,15,34.04,9.0,43,2.8,Credit Card,In-Store
2023-07-15,Central,Clothing,Shoes,3,49.92,10,81.57,24.36,25,4.5,Cash,In-Store
2023-07-15,West,Food,Bakery,4,23.97,10,52.22,11.46,53,4.7,E-Wallet,Online
2023-07-16,North,Toys,Doll,11,36.41,5,230.69,94.46,40,4.2,Cash,In-Store
2023-07-16,East,Toys,Doll,2,42.31,0,51.31,21.31,42,5.0,E-Wallet,In-Store
2023-07-16,North,Clothing,T-Shirt,5,51.07,25,116.13,35.89,33,3.2,E-Wallet,Online
2023-07-17,Central,Toys,Puzzle,4,47.04,5,108.61,47.33,18,3.6,Credit Card,In-Store
2023-07-17,East,Clothing,T-Shirt,9,75.19,10,370.07,105.1,44,4.2,Cash,In-Store
2023-07-17,North,Toys,Board Game,2,46.87,15,48.42,18.87,28,4.9,Credit Card,In-Store
2023-07-18,West,Toys,Board Game,9,42.66,0,233.82,98.26,18,5.0,Cash,Online
2023-07-18,East,Clothing,Jeans,9,73.82,20,323.72,112.53,27,3.2,E-Wallet,In-Store
2023-07-19,South,Furniture,Chair,6,344.24,15,1071.93,357.5,36,2.8,E-Wallet,In-Store
2023-07-19,North,Toys,Board Game,10,32.21,15,167.17,68.1,18,4.8,Credit Card,Online
2023-07-19,West,Food,Bakery,6,24.93,0,91.32,40.14,33,4.1,Credit Card,In-Store
2023-07-20,East,Furniture,Shelf,11,367.64,5,2352.01,814.94,51,4.1,E-Wallet,Online
2023-07-20,West,Clothing,T-Shirt,10,58.38,0,357.38,92.96,38,4.6,Credit Card,Online
2023-07-20,East,Furniture,Table,5,245.28,10,675.73,156.4,53,3.5,Credit Card,Online
2023-07-21,Central,Electronics,Smartphone,6,527.89,10,1750.13,744.88,32,3.9,Cash,In-Store
2023-07-21,East,Electronics,Tablet,8,540.46,0,2654.52,846.34,52,4.4,E-Wallet,Online
2023-07-21,East,Toys,Action Figure,9,35.21,10,175.11,67.27,20,3.3,E-Wallet,Online
2023-07-22,Central,Toys,Puzzle,5,42.75,5,125.04,44.56,45,3.6,Bank Transfer,Online
2023-07-22,South,Food,Bakery,3,22.4,15,35.17,7.62,36,4.3,Credit Card,Online
2023-07-23,North,Furniture,Sofa,9,347.89,5,1837.55,665.16,55,4.4,Credit Card,Online
2023-07-23,North,Electronics,Headphones,8,421.1,0,2081.18,746.44,32,2.8,E-Wallet,In-Store
2023-07-23,West,Toys,Action Figure,6,38.32,0,142.06,56.49,24,4.5,E-Wallet,In-Store
2023-07-24,East,Furniture,Shelf,10,366.75,20,1818.68,381.91,44,4.5,Credit Card,Online
2023-07-24,West,Toys,Doll,9,41.53,5,220.09,73.92,59,3.3,Cash,Online
2023-07-24,North,Toys,Board Game,7,45.4,5,187.12,57.52,41,5.0,Cash,In-Store
2023-07-25,North,Electronics,Tablet,7,450.53,0,1961.85,660.57,37,3.2,E-Wallet,Online
2023-07-25,North,Electronics,Tablet,6,427.05,5,1514.24,585.66,22,4.7,Credit Card,In-Store
2023-07-25,South,Toys,Doll,5,44.51,15,117.67,29.11,50,4.3,Bank Transfer,Online
2023-07-26,East,Clothing,Jeans,10,52.65,15,279.4,123.74,37,3.9,Cash,Online
2023-07-26,South,Toys,Doll,3,39.46,0,73.91,20.51,47,4.1,Credit Card,Online
2023-07-27,South,Toys,Puzzle,9,36.18,5,193.9,58.45,40,4.4,Credit Card,Online
2023-07-27,Central,Food,Beverages,6,28.7,0,107.93,44.67,64,4.9,Credit Card,Online
2023-07-27,South,Food,Bakery,5,31.8,25,74.75,30.54,30,3.1,E-Wallet,Online
2023-07-28,East,Food,Bakery,6,32.44,10,110.26,31.44,31,1.9,E-Wallet,Online
2023-07-28,West,Clothing,T-Shirt,4,61.51,15,131.61,48.96,51,3.3,Credit Card,Online
2023-07-28,South,Clothing,Jeans,9,55.58,10,283.31,108.67,51,4.1,Cash,Online
2023-07-29,East,Toys,Board Game,8,40.86,20,165.25,71.92,51,4.7,E-Wallet,In-Store
2023-07-29,Central,Food,Dairy,5,30.59,20,77.33,19.98,37,4.3,Credit Card,In-Store
2023-07-29,Central,Clothing,Jeans,3,54.18,0,102.72,23.56,40,3.9,Cash,In-Store
2023-07-30,North,Electronics,Tablet,4,574.22,25,1093.43,267.93,20,5.0,Credit Card,In-Store
2023-07-30,Central,Toys,Doll,3,38.84,20,59.16,19.73,35,3.6,Credit Card,Online
2023-07-31,East,Furniture,Sofa,8,387.87,5,1879.51,594.89,41,5.0,Cash,In-Store
2023-07-31,South,Toys,Board Game,6,48.77,15,158.59,61.76,41,4.6,Credit Card,Online
2023-07-31,East,Furniture,Sofa,7,361.29,10,1451.23,590.34,28,5.0,Cash,Online
2023-08-01,Central,Food,Snacks,3,23.97,15,39.16,9.56,23,3.4,Bank Transfer,Online
2023-08-01,East,Furniture,Sofa,7,241.32,0,1082.05,270.96,51,3.7,Credit Card,In-Store
2023-08-01,South,Food,Snacks,4,24.78,10,57.14,14.61,49,2.9,Credit Card,In-Store
2023-08-02,East,Electronics,Smartphone,4,427.91,0,1101.67,368.13,34,4.2,E-Wallet,Online
2023-08-02,North,Furniture,Shelf,4,245.61,15,537.48,125.7,51,4.4,Credit Card,Online
2023-08-02,North,Toys,Board Game,7,42.11,25,142.28,31.08,50,5.0,Credit Card,Online
2023-08-03,North,Food,Bakery,6,25.04,10,87.45,32.17,18,4.2,Cash,Online
2023-08-03,North,Toys,Doll,9,44.69,5,247.15,97.34,36,2.9,Bank Transfer,In-Store
2023-08-04,North,Clothing,Jacket,5,66.64,10,194.94,65.1,55,4.9,Credit Card,Online
2023-08-04,North,Food,Dairy,6,21.51,0,83.9,33.99,18,3.3,Bank Transfer,Online
2023-08-04,East,Furniture,Table,6,386.54,10,1356.98,310.75,19,3.1,E-Wallet,Online
2023-08-05,North,Food,Snacks,8,22.34,10,105.1,38.41,46,4.7,E-Wallet,Online
2023-08-05,South,Toys,Puzzle,7,40.91,0,187.12,57.25,54,3.4,E-Wallet,Online
2023-08-05,Central,Electronics,Tablet,2,469.83,0,614.05,185.03,34,3.5,Credit Card,In-Store
2023-08-06,East,Food,Dairy,3,30.16,10,53.51,17.19,31,5.0,Credit Card,In-Store
2023-08-06,West,Furniture,Table,8,254.88,5,1272.65,522.89,18,4.5,Credit Card,In-Store
2023-08-07,North,Clothing,Jeans,10,60.86,20,321.62,65.05,34,4.7,Credit Card,In-Store
2023-08-07,North,Electronics,Smartphone,11,501.41,0,3643.42,1482.32,18,2.9,Bank Transfer,In-Store
2023-08-07,North,Clothing,Jeans,8,54.45,0,287.77,75.43,33,4.6,Cash,In-Store
2023-08-08,North,Food,Beverages,8,27.84,10,133.17,33.58,55,3.9,Cash,In-Store
2023-08-08,South,Toys,Puzzle,3,50.47,10,90.52,37.45,21,3.7,E-Wallet,In-Store
2023-08-08,North,Toys,Puzzle,6,51.95,10,186.35,40.38,34,4.4,Bank Transfer,In-Store
2023-08-09,North,Furniture,Chair,6,244.87,10,883.36,289.8,49,4.1,Bank Transfer,In-Store
2023-08-09,North,Toys,Board Game,8,36.71,5,186.39,54.57,27,2.9,E-Wallet,Online
2023-08-09,East,Electronics,Tablet,6,429.82,10,1550.58,448.82,43,4.9,Credit Card,Online
2023-08-10,North,Toys,Action Figure,7,39.98,0,188.06,60.89,48,4.8,Credit Card,In-Store
2023-08-10,South,Furniture,Sofa,5,276.34,5,882.01,365.59,39,3.5,Credit Card,Online
2023-08-11,East,Food,Beverages,12,22.54,0,182.86,47.92,39,4.5,Credit Card,In-Store
2023-08-11,West,Food,Snacks,6,31.93,0,129.5,39.44,23,4.7,Credit Card,In-Store
2023-08-11,North,Toys,Board Game,7,50.37,0,238.33,100.18,32,2.5,Bank Transfer,In-Store
2023-08-12,West,Clothing,T-Shirt,4,49.41,0,134.4,36.95,40,3.6,Bank Transfer,Online
2023-08-12,East,Food,Beverages,2,24.24,25,24.72,6.78,18,2.6,E-Wallet,Online
2023-08-12,North,Toys,Action Figure,6,40.1,0,163.63,51.19,18,4.5,E-Wallet,Online
2023-08-13,Central,Furniture,Shelf,6,275.85,0,1132.43,483.96,36,4.4,Cash,Online
2023-08-13,Central,Toys,Action Figure,6,44.58,15,155.55,56.28,42,3.6,Credit Card,In-Store
2023-08-13,North,Food,Snacks,7,28.0,5,127.42,55.72,39,3.9,Bank Transfer,Online
2023-08-14,South,Furniture,Table,2,367.58,5,480.83,158.96,18,3.8,Credit Card,Online
2023-08-14,West,Toys,Doll,12,46.82,5,367.45,82.08,52,2.4,E-Wallet,Online
2023-08-15,West,Electronics,Tablet,2,482.08,5,634.61,285.22,39,5.0,Credit Card,In-Store
2023-08-15,North,Furniture,Chair,6,338.04,0,1405.24,538.68,50,4.2,E-Wallet,Online
2023-08-15,North,Electronics,Headphones,7,421.65,0,2044.94,511.31,29,3.9,E-Wallet,In-Store
2023-08-16,South,Clothing,Jeans,6,65.79,20,220.21,98.55,41,4.1,E-Wallet,Online
2023-08-16,East,Furniture,Shelf,6,313.38,0,1311.13,586.67,44,4.6,Credit Card,Online
2023-08-16,East,Electronics,Smartphone,4,390.0,0,1087.79,323.39,51,2.7,Cash,In-Store
2023-08-17,South,Food,Beverages,6,23.03,10,87.29,22.06,49,3.4,Cash,In-Store
2023-08-17,East,Food,Dairy,3,23.65,0,49.79,12.74,27,4.2,Credit Card,Online
2023-08-17,West,Clothing,Shoes,8,75.73,5,403.94,103.05,36,5.0,E-Wallet,In-Store
2023-08-18,North,Furniture,Table,7,274.56,15,1154.11,415.19,31,2.3,E-Wallet,In-Store
2023-08-18,South,Furniture,Shelf,6,283.39,20,960.99,220.37,39,5.0,Cash,In-Store
2023-08-19,West,Furniture,Chair,5,295.4,15,892.88,398.93,19,3.6,Credit Card,Online
2023-08-19,Central,Clothing,T-Shirt,5,67.91,0,241.49,89.82,18,3.8,E-Wallet,In-Store
2023-08-19,East,Furniture,Table,7,257.74,25,962.33,351.93,69,4.2,Credit Card,In-Store
2023-08-20,East,Food,Bakery,12,31.92,5,260.58,106.47,63,3.1,Credit Card,In-Store
2023-08-20,North,Electronics,Smartphone,7,554.75,0,2780.43,1017.48,53,3.0,Credit Card,In-Store
2023-08-20,South,Food,Bakery,5,27.22,5,92.56,28.09,44,4.2,Credit Card,Online
2023-08-21,East,Food,Bakery,1,28.43,10,18.44,5.9,48,5.0,Cash,Online
2023-08-21,North,Electronics,Headphones,6,363.75,0,1573.34,582.36,48,3.2,Credit Card,In-Store
2023-08-21,South,Food,Dairy,4,24.24,10,62.9,16.52,59,3.3,E-Wallet,Online
2023-08-22,South,Clothing,Jacket,3,71.87,20,125.2,33.97,31,3.2,E-Wallet,In-Store
2023-08-22,North,Electronics,Smartphone,5,377.43,0,1369.83,520.3,28,3.8,Cash,In-Store
2023-08-23,South,Food,Dairy,6,23.53,10,92.87,34.29,37,3.3,Credit Card,In-Store
2023-08-23,North,Toys,Board Game,9,43.71,5,273.13,103.28,45,3.2,E-Wallet,In-Store
2023-08-23,South,Food,Snacks,3,23.21,5,48.34,20.2,34,4.3,E-Wallet,Online
2023-08-24,North,Clothing,Shoes,5,76.02,0,279.77,73.25,30,2.8,Credit Card,In-Store
2023-08-24,Central,Furniture,Shelf,10,259.66,10,1720.11,754.15,56,5.0,Cash,Online
2023-08-24,East,Food,Dairy,3,29.97,5,62.86,25.92,27,3.2,Credit Card,Online
2023-08-25,West,Furniture,Shelf,6,316.19,15,1195.36,506.44,57,5.0,Credit Card,In-Store
2023-08-25,West,Toys,Puzzle,7,47.01,25,182.93,44.57,50,5.0,Bank Transfer,Online
2023-08-26,East,Food,Snacks,7,23.88,20,99.85,43.83,62,5.0,Credit Card,In-Store
2023-08-26,North,Electronics,Headphones,7,475.76,0,2486.28,705.71,66,4.8,E-Wallet,Online
2023-08-26,East,Furniture,Chair,6,368.53,0,1650.75,724.48,42,4.6,Credit Card,In-Store
2023-08-27,East,Toys,Doll,6,41.34,5,177.17,44.89,65,4.2,Bank Transfer,Online
2023-08-27,West,Electronics,Smartphone,6,440.94,10,1790.37,397.14,44,5.0,Credit Card,In-Store
2023-08-27,South,Electronics,Tablet,6,480.63,25,1626.3,533.9,43,4.0,Credit Card,In-Store
2023-08-28,North,Electronics,Smartphone,3,521.41,15,1006.98,250.6,40,4.8,Cash,In-Store
2023-08-28,South,Electronics,Headphones,3,459.8,10,940.24,257.06,32,5.0,Cash,Online
2023-08-28,South,Food,Beverages,8,31.74,0,192.28,48.28,47,4.4,Cash,In-Store
2023-08-29,East,Food,Snacks,5,23.69,15,76.8,19.84,52,3.9,Cash,Online
2023-08-29,East,Food,Bakery,6,25.94,0,118.75,47.34,19,4.4,Credit Card,In-Store
2023-08-30,South,Toys,Action Figure,3,47.14,0,108.67,35.33,71,3.6,Cash,In-Store
2023-08-30,Central,Toys,Doll,5,45.78,20,140.73,29.54,59,3.8,Cash,Online
2023-08-30,East,Toys,Board Game,7,49.27,10,238.54,86.86,30,4.7,E-Wallet,Online
2023-08-31,North,Clothing,Jacket,4,77.9,0,241.22,50.02,45,4.1,Credit Card,Online
2023-08-31,North,Toys,Puzzle,7,40.54,5,208.68,63.48,37,4.7,E-Wallet,In-Store
2023-08-31,North,Food,Dairy,4,21.39,0,66.23,22.16,42,4.1,Bank Transfer,Online
2023-09-01,North,Food,Beverages,10,20.38,10,143.04,40.85,36,4.5,E-Wallet,In-Store
2023-09-01,North,Clothing,Jacket,1,69.81,0,54.44,13.39,44,5.0,Credit Card,In-Store
2023-09-01,North,Clothing,T-Shirt,3,74.22,20,138.91,48.82,24,4.1,Cash,In-Store
2023-09-02,South,Toys,Doll,4,36.41,5,108.71,48.02,66,3.7,Cash,Online
2023-09-02,North,Furniture,Shelf,10,263.77,5,1968.54,537.01,25,4.4,Credit Card,Online
2023-09-03,Central,Clothing,Jacket,5,49.87,0,197.33,41.63,45,1.9,Cash,In-Store
2023-09-03,North,Electronics,Smartphone,8,545.11,0,3451.36,1013.85,29,4.6,Cash,In-Store
2023-09-03,East,Food,Snacks,7,23.89,10,119.13,48.0,35,3.4,Credit Card,Online
2023-09-04,South,Electronics,Smartphone,10,450.38,10,3231.99,1253.82,43,5.0,Credit Card,Online
2023-09-04,Central,Food,Snacks,5,26.28,0,104.79,23.32,39,4.6,Credit Card,Online
2023-09-04,North,Food,Dairy,8,30.49,5,184.78,82.53,39,4.7,Credit Card,Online
2023-09-05,South,Clothing,T-Shirt,4,67.52,15,184.43,57.69,33,5.0,Credit Card,In-Store
2023-09-05,Central,Clothing,T-Shirt,6,66.45,5,304.28,124.85,29,3.7,Credit Card,In-Store
2023-09-05,Central,Electronics,Headphones,5,399.53,0,1604.72,608.69,46,3.8,Credit Card,Online
2023-09-06,West,Food,Beverages,3,26.41,5,60.93,22.74,26,2.7,E-Wallet,Online
2023-09-06,South,Electronics,Headphones,2,520.96,10,758.94,299.92,29,5.0,E-Wallet,Online
2023-09-07,North,Furniture,Chair,3,385.99,0,944.23,237.86,29,3.0,Cash,In-Store
2023-09-07,West,Electronics,Headphones,6,405.32,0,1983.01,727.66,33,4.0,E-Wallet,In-Store
2023-09-07,Central,Toys,Puzzle,6,32.19,10,141.74,51.54,19,5.0,Credit Card,Online
2023-09-08,East,Electronics,Headphones,6,376.94,25,1393.56,469.28,19,5.0,Cash,Online
2023-09-08,East,Toys,Doll,9,39.52,5,277.58,62.3,45,3.8,Credit Card,Online
2023-09-08,South,Toys,Doll,7,48.41,0,278.41,77.38,45,2.6,E-Wallet,In-Store
2023-09-09,West,Toys,Board Game,4,32.14,5,101.1,43.94,42,4.2,Credit Card,In-Store
2023-09-09,North,Furniture,Table,4,308.51,0,1021.47,449.63,55,4.3,Credit Card,Online
2023-09-09,South,Electronics,Laptop,6,434.08,0,2155.82,664.86,26,4.3,Credit Card,Online
2023-09-10,South,Electronics,Tablet,4,371.81,10,1116.29,254.78,18,3.9,Bank Transfer,In-Store
2023-09-10,East,Furniture,Table,3,307.54,20,615.55,227.25,48,4.1,Credit Card,In-Store
2023-09-11,North,Food,Snacks,7,23.18,15,115.91,44.98,18,3.6,Credit Card,Online
2023-09-11,North,Clothing,Shoes,7,58.56,0,344.42,90.57,36,4.1,Credit Card,Online
2023-09-11,East,Electronics,Tablet,7,518.76,15,2593.62,776.73,41,4.7,E-Wallet,In-Store
2023-09-12,South,Clothing,Jacket,7,63.65,0,377.19,116.45,64,4.1,Cash,Online
2023-09-12,East,Furniture,Chair,8,258.7,0,1752.12,723.06,30,4.0,E-Wallet,Online
2023-09-12,North,Food,Beverages,3,32.02,20,65.06,26.41,31,5.0,Cash,In-Store
2023-09-13,East,Food,Beverages,8,27.95,20,152.58,57.91,46,4.4,Cash,In-Store
2023-09-13,East,Food,Beverages,5,29.57,0,126.13,50.24,45,4.0,Credit Card,In-Store
2023-09-13,North,Furniture,Chair,6,251.88,0,1289.12,267.03,33,4.1,Credit Card,Online
2023-09-14,South,Toys,Action Figure,6,32.94,0,169.86,75.65,40,3.0,E-Wallet,Online
2023-09-14,North,Toys,Action Figure,6,32.39,10,150.31,44.11,28,3.2,E-Wallet,Online
2023-09-15,North,Clothing,Jeans,5,53.66,20,185.87,59.59,43,4.1,Bank Transfer,In-Store
2023-09-15,Central,Toys,Board Game,5,40.29,0,174.42,64.4,18,3.4,E-Wallet,In-Store
2023-09-15,South,Toys,Board Game,4,50.72,5,166.88,38.06,75,4.0,Cash,In-Store
2023-09-16,West,Food,Snacks,4,25.71,0,89.73,25.34,47,4.7,E-Wallet,In-Store
2023-09-16,South,Food,Snacks,8,23.63,0,164.9,33.05,23,4.6,E-Wallet,In-Store
2023-09-16,West,Clothing,Jeans,6,64.86,15,288.57,117.69,34,4.5,Credit Card,Online
2023-09-17,West,Electronics,Headphones,5,385.19,15,1438.85,615.87,24,4.9,Credit Card,Online
2023-09-17,East,Clothing,Shoes,10,66.29,0,582.6,241.87,27,4.8,Cash,Online
2023-09-18,East,Clothing,Shoes,6,65.05,0,345.63,132.27,40,4.8,Credit Card,Online
2023-09-18,South,Furniture,Table,6,358.8,0,1906.33,659.21,56,4.8,Credit Card,Online
2023-09-18,South,Furniture,Table,7,388.0,5,2284.82,535.45,36,3.1,Bank Transfer,In-Store
2023-09-19,Central,Clothing,Jacket,7,55.53,0,346.75,131.46,18,2.5,E-Wallet,Online
2023-09-19,West,Clothing,Jacket,7,63.29,5,375.48,83.05,30,3.5,Cash,In-Store
2023-09-19,Central,Clothing,Jacket,5,75.27,5,318.95,106.62,30,3.7,Cash,In-Store
2023-09-20,North,Toys,Puzzle,4,47.7,0,171.5,49.43,39,4.7,Credit Card,Online
2023-09-20,West,Furniture,Chair,5,313.11,15,1196.02,459.15,36,4.1,Cash,Online
2023-09-20,Central,Clothing,Jeans,6,76.36,0,411.79,169.24,18,3.6,Cash,Online
2023-09-21,North,Food,Snacks,3,20.72,15,47.83,11.13,25,4.3,E-Wallet,Online
2023-09-21,North,Food,Dairy,7,31.64,10,180.47,76.27,23,4.5,Bank Transfer,In-Store
2023-09-22,West,Toys,Board Game,1,33.01,15,25.59,6.56,49,4.7,Credit Card,In-Store
2023-09-22,East,Toys,Puzzle,10,42.95,0,391.73,119.38,34,3.7,Credit Card,In-Store
2023-09-22,West,Electronics,Tablet,4,560.35,10,1840.05,431.89,18,3.3,Cash,Online
2023-09-23,North,Electronics,Smartphone,11,419.11,0,4236.27,1146.1,26,3.4,Cash,Online
2023-09-23,West,Electronics,Tablet,5,466.26,25,1606.63,609.85,53,4.3,Credit Card,In-Store
2023-09-23,North,Toys,Action Figure,5,38.49,10,159.14,48.76,30,3.3,E-Wallet,Online
2023-09-24,North,Toys,Doll,8,51.04,0,377.98,168.85,29,4.8,Bank Transfer,Online
2023-09-24,North,Toys,Puzzle,6,48.47,0,269.21,89.16,35,3.2,Bank Transfer,In-Store
2023-09-24,West,Food,Beverages,5,28.86,20,106.87,45.79,40,3.0,E-Wallet,Online
2023-09-25,West,Toys,Action Figure,11,43.75,20,359.0,123.05,36,4.3,Bank Transfer,In-Store
2023-09-25,East,Food,Beverages,6,30.26,20,135.42,57.23,51,4.0,Bank Transfer,Online
2023-09-26,South,Electronics,Headphones,8,448.26,15,2862.87,604.44,36,4.6,E-Wallet,Online
2023-09-26,Central,Electronics,Headphones,4,460.7,15,1471.16,469.64,46,3.7,Credit Card,Online
2023-09-26,South,Electronics,Tablet,5,524.25,10,2215.72,491.21,40,4.4,Credit Card,In-Store
2023-09-27,West,Clothing,T-Shirt,4,58.73,0,222.25,98.77,21,4.8,Credit Card,In-Store
2023-09-27,South,Clothing,Jacket,3,49.92,0,141.67,41.17,61,3.5,Cash,Online
2023-09-27,South,Furniture,Table,4,251.15,10,855.34,319.27,53,4.5,E-Wallet,In-Store
2023-09-28,East,Furniture,Sofa,7,257.3,5,1630.41,557.67,30,5.0,Cash,Online
2023-09-28,South,Furniture,Chair,8,370.45,10,2541.51,588.94,36,4.7,Credit Card,Online
2023-09-28,West,Clothing,Jacket,6,62.17,0,355.42,72.86,45,3.4,Credit Card,Online
2023-09-29,East,Clothing,Jeans,4,69.39,10,239.72,93.1,40,4.4,Credit Card,Online
2023-09-29,North,Furniture,Shelf,4,298.94,0,1147.56,244.36,39,3.0,Credit Card,Online
2023-09-30,Central,Furniture,Table,8,278.81,5,2048.07,568.99,44,3.1,Credit Card,Online
2023-09-30,South,Toys,Puzzle,4,38.94,5,143.04,30.34,42,5.0,Credit Card,In-Store
2023-09-30,East,Furniture,Shelf,5,359.13,0,1735.58,537.0,42,4.3,Credit Card,In-Store
2023-10-01,Central,Toys,Board Game,8,44.5,20,277.26,58.17,39,5.0,Cash,In-Store
2023-10-01,East,Food,Dairy,5,31.72,5,146.67,33.28,46,4.3,Credit Card,In-Store
2023-10-01,North,Clothing,Jacket,3,68.39,20,159.78,66.76,40,3.8,E-Wallet,In-Store
2023-10-02,Central,Furniture,Shelf,4,325.53,0,1276.45,475.23,41,4.0,Cash,Online
2023-10-02,East,Clothing,Jeans,3,66.31,0,195.0,75.9,55,4.2,Credit Card,In-Store
2023-10-02,South,Clothing,Shoes,9,76.27,0,672.92,206.57,43,5.0,E-Wallet,In-Store
2023-10-03,North,Clothing,Shoes,7,71.65,0,495.09,123.43,42,4.6,Credit Card,In-Store
2023-10-03,West,Food,Snacks,13,20.3,0,260.52,67.77,26,3.4,Credit Card,Online
2023-10-04,East,Electronics,Tablet,5,480.18,0,2386.65,640.37,27,3.8,Bank Transfer,Online
2023-10-04,East,Furniture,Sofa,4,343.25,20,1091.88,388.91,52,4.6,Cash,In-Store
2023-10-04,Central,Electronics,Smartphone,2,528.46,20,840.51,348.89,45,3.3,Cash,Online
2023-10-05,West,Electronics,Smartphone,7,407.96,20,2286.72,908.64,49,4.2,E-Wallet,In-Store
2023-10-05,North,Electronics,Smartphone,3,555.11,25,1250.19,330.78,40,4.0,Bank Transfer,Online
2023-10-05,South,Clothing,Jacket,5,76.68,5,364.55,150.6,43,4.4,Credit Card,Online
2023-10-06,North,Toys,Board Game,5,36.73,5,175.85,69.33,36,4.0,E-Wallet,In-Store
2023-10-06,West,Clothing,Jacket,6,74.48,0,450.37,154.87,37,2.9,E-Wallet,Online
2023-10-06,North,Clothing,Jacket,5,50.91,0,256.54,110.82,32,4.0,Credit Card,Online
2023-10-07,East,Electronics,Headphones,6,372.53,15,1927.88,765.03,55,4.7,E-Wallet,Online
2023-10-07,West,Clothing,Shoes,8,51.88,20,336.9,138.99,28,5.0,Credit Card,In-Store
2023-10-08,Central,Electronics,Headphones,7,372.99,15,2267.22,481.04,41,4.9,Cash,Online
2023-10-08,South,Toys,Board Game,5,48.9,15,212.31,85.38,35,2.9,E-Wallet,Online
2023-10-08,West,Furniture,Sofa,6,248.86,0,1525.39,357.79,50,2.9,Credit Card,In-Store
2023-10-09,North,Electronics,Headphones,4,421.12,5,1645.82,693.39,40,3.2,E-Wallet,Online
2023-10-09,West,Toys,Action Figure,2,34.08,5,66.59,15.49,43,5.0,E-Wallet,Online
2023-10-09,North,Furniture,Sofa,5,284.31,25,1096.52,329.11,40,4.6,Bank Transfer,In-Store
2023-10-10,South,Food,Bakery,6,21.13,20,105.02,24.95,25,5.0,Credit Card,Online
2023-10-10,West,Electronics,Tablet,7,510.3,10,3328.47,776.08,45,5.0,Credit Card,Online
2023-10-11,North,Electronics,Tablet,5,390.0,0,2032.25,611.52,36,4.1,E-Wallet,In-Store
2023-10-11,North,Food,Snacks,6,30.65,0,191.65,42.27,28,3.6,Credit Card,In-Store
2023-10-11,West,Food,Beverages,8,30.21,5,239.32,72.67,19,4.4,Cash,Online
2023-10-12,West,Electronics,Headphones,6,363.07,20,1828.19,497.01,27,4.9,E-Wallet,In-Store
2023-10-12,East,Food,Snacks,6,31.2,0,196.36,67.94,47,5.0,Credit Card,Online
2023-10-12,West,Clothing,Jacket,10,48.87,0,512.64,113.54,60,3.8,Credit Card,Online
2023-10-13,East,Furniture,Chair,4,275.95,0,1165.43,284.32,39,5.0,Cash,In-Store
2023-10-13,South,Furniture,Chair,6,244.86,20,1240.96,506.71,25,4.2,Credit Card,Online
2023-10-13,South,Furniture,Shelf,4,290.38,5,1165.06,356.39,43,4.9,Cash,In-Store
2023-10-14,North,Clothing,Shoes,6,63.42,10,363.9,82.17,52,4.4,Credit Card,Online
2023-10-14,Central,Food,Snacks,5,29.96,5,151.22,38.07,62,3.7,Credit Card,Online
2023-10-15,East,Toys,Doll,4,38.76,0,165.81,34.71,54,2.4,E-Wallet,Online
2023-10-15,South,Food,Snacks,8,28.82,0,246.56,96.69,40,3.0,Cash,Online
2023-10-15,East,Electronics,Smartphone,6,402.19,15,2193.61,785.61,45,5.0,E-Wallet,In-Store
2023-10-16,Central,Furniture,Shelf,4,352.59,20,1214.28,392.46,28,4.8,Credit Card,In-Store
2023-10-16,North,Food,Bakery,4,22.95,5,93.86,36.78,48,4.5,E-Wallet,In-Store
2023-10-16,East,Toys,Doll,7,34.87,5,249.57,87.72,50,5.0,Bank Transfer,In-Store
2023-10-17,East,Electronics,Smartphone,8,401.72,15,2958.31,933.69,18,3.4,Cash,In-Store
2023-10-17,East,Clothing,T-Shirt,8,53.46,10,416.86,167.65,39,3.7,E-Wallet,In-Store
2023-10-17,North,Clothing,Jacket,5,63.39,0,343.22,132.43,57,3.7,Credit Card,Online
2023-10-18,Central,Toys,Doll,5,48.9,5,253.09,105.99,29,3.0,Cash,In-Store
2023-10-18,Central,Electronics,Laptop,2,377.91,10,741.25,201.36,18,3.5,E-Wallet,Online
2023-10-19,East,Furniture,Table,5,346.04,10,1707.29,613.96,37,3.2,E-Wallet,In-Store
2023-10-19,West,Food,Dairy,4,28.18,25,92.69,36.6,51,2.9,Cash,In-Store
2023-10-19,Central,Electronics,Tablet,3,556.32,20,1463.85,473.07,43,3.5,Bank Transfer,Online
2023-10-20,West,Clothing,Jeans,7,55.32,0,427.18,184.94,38,3.9,Credit Card,Online
2023-10-20,North,Toys,Action Figure,3,41.0,10,122.11,26.76,25,5.0,E-Wallet,In-Store
2023-10-20,East,Toys,Board Game,7,50.52,0,390.06,146.81,23,3.2,Credit Card,Online
2023-10-21,East,Food,Snacks,7,28.25,10,197.5,45.11,40,5.0,E-Wallet,In-Store
2023-10-21,South,Toys,Doll,7,39.78,10,278.07,90.54,37,4.3,Credit Card,Online
2023-10-21,West,Toys,Doll,7,34.63,5,255.54,60.68,49,4.3,Bank Transfer,In-Store
2023-10-22,Central,Electronics,Laptop,7,419.06,20,2619.65,1017.04,43,4.3,E-Wallet,In-Store
2023-10-22,Central,Furniture,Chair,6,327.18,10,1972.26,801.1,28,2.6,Credit Card,Online
2023-10-23,East,Food,Snacks,8,28.98,20,208.24,49.49,41,3.4,E-Wallet,Online
2023-10-23,North,Electronics,Headphones,8,387.99,0,3485.34,1382.87,39,4.5,E-Wallet,Online
2023-10-23,Central,Furniture,Sofa,10,329.94,0,3704.79,976.03,18,4.0,Credit Card,Online
2023-10-24,West,Electronics,Tablet,6,483.83,10,2950.77,1073.65,32,2.8,Credit Card,Online
2023-10-24,North,Electronics,Headphones,5,475.64,25,2014.46,529.71,38,4.0,Credit Card,In-Store
2023-10-24,Central,Toys,Action Figure,8,45.8,5,393.14,87.71,36,4.6,Credit Card,In-Store
2023-10-25,Central,Furniture,Shelf,6,365.62,0,2491.83,509.8,42,3.0,Cash,In-Store
2023-10-25,East,Food,Dairy,6,24.04,5,155.63,56.04,39,3.7,Cash,In-Store
2023-10-25,East,Food,Snacks,5,31.11,5,167.87,60.12,42,5.0,Cash,In-Store
2023-10-26,South,Furniture,Table,10,264.1,15,2564.37,524.81,40,4.6,Cash,In-Store
2023-10-26,North,Toys,Puzzle,6,35.46,10,218.75,51.32,37,5.0,Bank Transfer,In-Store
2023-10-27,South,Clothing,Shoes,7,56.0,25,337.76,148.18,40,3.9,E-Wallet,Online
2023-10-27,West,Electronics,Laptop,1,386.89,15,377.78,115.84,33,5.0,E-Wallet,Online
2023-10-27,North,Toys,Board Game,7,36.61,0,294.37,119.13,32,3.2,Credit Card,Online
2023-10-28,South,Furniture,Sofa,9,255.96,10,2394.94,482.57,39,4.8,Credit Card,In-Store
2023-10-28,South,Electronics,Tablet,5,544.89,10,2832.42,1176.22,18,3.5,Credit Card,Online
2023-10-28,East,Food,Snacks,7,21.74,25,131.82,40.89,33,4.7,E-Wallet,Online
2023-10-29,Central,Clothing,Shoes,4,70.42,0,327.16,92.81,28,4.4,Credit Card,Online
2023-10-29,South,Food,Snacks,4,20.6,0,95.7,20.65,27,4.6,Credit Card,In-Store
2023-10-30,South,Furniture,Table,8,382.28,0,3571.2,850.61,33,3.2,E-Wallet,In-Store
2023-10-30,West,Electronics,Headphones,5,520.01,10,2732.56,1061.77,20,4.4,Cash,Online
2023-10-30,East,Furniture,Shelf,3,241.02,0,844.34,259.08,33,4.0,E-Wallet,In-Store
2023-10-31,North,Electronics,Smartphone,2,531.87,10,1123.91,237.83,41,5.0,E-Wallet,In-Store
2023-10-31,East,Toys,Action Figure,8,42.28,15,337.53,89.81,51,3.6,Credit Card,Online
2023-10-31,North,Clothing,Shoes,3,71.38,5,238.83,66.37,66,3.0,Bank Transfer,Online
2023-11-01,North,Toys,Doll,6,42.45,10,270.52,70.68,18,2.8,Credit Card,In-Store
2023-11-01,East,Toys,Action Figure,7,44.82,20,296.21,109.41,25,4.0,Bank Transfer,Online
2023-11-01,South,Furniture,Chair,8,357.95,10,3041.49,814.17,33,3.8,Cash,In-Store
2023-11-02,Central,Clothing,Jeans,6,60.15,0,428.14,167.74,39,3.8,E-Wallet,In-Store
2023-11-02,South,Electronics,Tablet,6,360.61,0,2566.65,880.3,42,3.8,E-Wallet,In-Store
2023-11-03,East,Electronics,Smartphone,9,551.24,5,5619.52,1278.54,30,5.0,Cash,In-Store
2023-11-03,East,Food,Snacks,6,24.76,0,177.14,78.87,18,3.9,E-Wallet,In-Store
2023-11-03,North,Electronics,Headphones,7,471.61,10,3542.56,1227.21,51,5.0,Bank Transfer,Online
2023-11-04,West,Furniture,Sofa,4,241.16,25,866.99,332.31,44,4.5,Bank Transfer,Online
2023-11-04,North,Toys,Action Figure,10,41.84,10,451.26,180.66,47,3.4,E-Wallet,Online
2023-11-04,Central,Toys,Puzzle,6,51.73,5,353.34,84.93,35,4.1,E-Wallet,In-Store
2023-11-05,North,Toys,Board Game,6,37.57,0,271.44,74.88,42,5.0,Credit Card,In-Store
2023-11-05,South,Clothing,Jeans,8,59.86,20,461.38,194.63,18,5.0,E-Wallet,In-Store
2023-11-05,North,Electronics,Smartphone,5,514.62,20,2478.98,809.1,24,5.0,E-Wallet,In-Store
2023-11-06,Central,Furniture,Chair,7,362.22,5,2915.01,971.5,53,4.4,E-Wallet,Online
2023-11-06,East,Clothing,Shoes,5,60.52,5,347.9,144.16,38,3.6,E-Wallet,Online
2023-11-07,East,Food,Beverages,6,23.87,10,156.75,39.2,62,5.0,Credit Card,Online
2023-11-07,North,Furniture,Shelf,7,380.67,0,3240.29,1161.1,25,4.4,Credit Card,In-Store
2023-11-07,West,Furniture,Shelf,3,341.57,0,1246.05,323.37,71,4.6,Credit Card,In-Store
2023-11-08,North,Furniture,Sofa,10,257.85,0,3150.35,1266.39,73,4.0,Cash,In-Store
2023-11-08,Central,Toys,Doll,3,33.38,5,116.22,43.15,29,3.3,Credit Card,Online
2023-11-08,North,Furniture,Chair,6,312.53,0,2291.04,976.46,32,4.3,E-Wallet,Online
2023-11-09,North,Electronics,Headphones,6,409.52,0,3016.02,1249.02,54,5.0,Credit Card,In-Store
2023-11-09,North,Furniture,Sofa,3,278.1,0,1024.06,234.72,30,4.6,Credit Card,Online
2023-11-09,East,Toys,Board Game,6,49.55,10,328.46,138.85,34,4.5,Credit Card,Online
2023-11-10,East,Furniture,Table,11,253.43,10,3093.83,1318.18,28,3.4,Credit Card,Online
2023-11-10,North,Food,Beverages,3,28.94,0,107.06,23.01,28,5.0,Credit Card,In-Store
2023-11-11,West,Food,Bakery,5,23.39,20,115.88,33.44,39,5.0,E-Wallet,Online
2023-11-11,East,Toys,Board Game,7,47.21,5,388.84,165.17,34,2.7,Credit Card,Online
2023-11-11,East,Electronics,Headphones,8,522.54,0,5177.98,1072.21,18,4.7,Credit Card,In-Store
2023-11-12,South,Electronics,Laptop,8,361.66,0,3599.68,1487.48,56,3.8,Bank Transfer,Online
2023-11-12,South,Clothing,Shoes,4,63.27,10,283.4,73.23,58,4.3,Credit Card,Online
2023-11-12,East,Toys,Puzzle,7,34.79,0,302.95,133.69,44,3.3,E-Wallet,In-Store
2023-11-13,North,Furniture,Shelf,10,369.93,0,4622.54,1358.4,39,4.1,Bank Transfer,In-Store
2023-11-13,North,Toys,Doll,7,49.43,10,389.14,121.93,25,3.2,Cash,Online
2023-11-13,Central,Clothing,Jeans,9,60.55,5,646.9,257.47,31,3.5,Cash,Online
2023-11-14,Central,Toys,Action Figure,8,40.89,15,348.91,100.91,52,4.5,Credit Card,Online
2023-11-14,South,Toys,Puzzle,5,38.07,15,203.02,60.04,45,3.5,Cash,Online
2023-11-15,South,Clothing,Shoes,4,69.5,25,262.74,65.79,43,4.5,Cash,In-Store
2023-11-15,East,Electronics,Headphones,11,440.7,0,6108.91,1411.35,44,4.1,Credit Card,Online
2023-11-15,South,Furniture,Table,5,280.17,0,1765.3,569.26,51,5.0,Credit Card,Online
2023-11-16,North,Clothing,Jacket,4,60.97,25,231.44,75.78,49,3.7,E-Wallet,Online
2023-11-16,North,Food,Snacks,11,21.14,10,264.87,78.03,46,3.8,Credit Card,Online
2023-11-16,West,Electronics,Smartphone,13,527.99,10,7816.69,2092.51,33,3.5,E-Wallet,Online
2023-11-17,West,Food,Beverages,3,20.16,0,76.83,27.73,59,5.0,E-Wallet,In-Store
2023-11-17,North,Electronics,Tablet,4,505.01,0,2566.41,831.1,31,4.1,Credit Card,In-Store
2023-11-17,North,Furniture,Chair,3,267.43,0,1019.29,309.58,26,3.9,Credit Card,Online
2023-11-18,North,Furniture,Shelf,9,274.86,5,2997.52,608.21,30,4.7,Credit Card,In-Store
2023-11-18,West,Toys,Action Figure,4,44.71,0,228.13,69.14,22,3.3,E-Wallet,Online
2023-11-19,North,Food,Snacks,8,32.41,5,315.41,124.26,45,2.9,Credit Card,Online
2023-11-19,North,Electronics,Smartphone,6,534.99,10,3699.15,1120.85,37,4.3,E-Wallet,In-Store
2023-11-19,West,Furniture,Chair,7,273.88,0,2454.81,601.73,52,4.1,E-Wallet,Online
2023-11-20,North,Clothing,Jeans,3,53.28,0,205.45,48.41,18,3.4,E-Wallet,In-Store
2023-11-20,West,Furniture,Sofa,5,369.93,5,2258.56,564.5,40,4.3,Credit Card,In-Store
2023-11-20,North,Clothing,Jacket,10,61.33,0,788.23,179.68,34,5.0,Cash,In-Store
2023-11-21,North,Electronics,Tablet,8,390.84,0,4033.78,1477.61,33,4.4,Credit Card,In-Store
2023-11-21,North,Furniture,Sofa,5,369.33,0,2382.39,769.77,24,2.4,Credit Card,Online
2023-11-22,West,Furniture,Table,4,362.41,5,1783.17,454.89,38,5.0,Credit Card,In-Store
2023-11-22,Central,Electronics,Smartphone,2,581.38,10,1354.99,520.16,28,5.0,E-Wallet,Online
2023-11-22,West,Furniture,Sofa,6,376.46,0,2924.67,1044.41,57,4.4,Bank Transfer,In-Store
2023-11-23,South,Clothing,Shoes,3,73.55,10,258.06,62.5,46,4.2,Credit Card,Online
2023-11-23,West,Furniture,Sofa,8,247.89,20,2061.49,530.79,50,3.0,Cash,In-Store
2023-11-23,North,Food,Snacks,7,21.31,10,174.41,36.14,18,3.4,Credit Card,In-Store
2023-11-24,South,Toys,Puzzle,5,43.38,0,282.82,56.85,49,3.8,E-Wallet,In-Store
2023-11-24,Central,Clothing,T-Shirt,7,63.94,5,554.47,216.14,48,3.4,Credit Card,In-Store
2023-11-24,North,Food,Dairy,5,25.72,10,150.94,33.95,32,3.7,Cash,In-Store
2023-11-25,North,Electronics,Headphones,5,449.28,25,2204.33,939.86,35,4.4,Cash,Online
2023-11-25,North,Clothing,Jacket,6,60.94,25,358.77,97.78,25,3.8,E-Wallet,In-Store
2023-11-26,North,Toys,Puzzle,5,43.39,5,270.53,106.85,34,5.0,Credit Card,In-Store
2023-11-26,North,Toys,Doll,7,32.04,10,264.99,99.35,45,4.2,Cash,In-Store
2023-11-26,East,Electronics,Smartphone,10,418.66,20,4396.62,938.33,29,4.6,Cash,In-Store
2023-11-27,South,Electronics,Headphones,5,476.61,15,3275.31,1258.42,38,4.6,Credit Card,Online
2023-11-27,Central,Clothing,Shoes,4,69.67,5,428.06,120.59,71,4.3,Credit Card,Online
2023-11-27,West,Furniture,Table,7,266.12,0,3012.17,1221.34,25,4.0,E-Wallet,In-Store
2023-11-28,South,Electronics,Smartphone,6,483.05,0,4698.44,2004.6,42,4.8,E-Wallet,Online
2023-11-28,South,Furniture,Table,7,347.17,5,3742.61,1366.69,24,5.0,Credit Card,Online
2023-11-28,South,Food,Bakery,3,25.56,10,111.87,32.88,18,2.4,E-Wallet,In-Store
2023-11-29,East,Toys,Doll,4,32.54,25,158.66,61.56,48,3.1,Cash,Online
2023-11-29,South,Furniture,Chair,2,307.39,20,799.3,299.7,32,3.8,Bank Transfer,In-Store
2023-11-30,East,Toys,Doll,6,37.93,0,370.75,101.15,58,3.1,Bank Transfer,In-Store
2023-11-30,South,Furniture,Shelf,8,379.45,10,4450.82,1888.49,45,3.5,Cash,Online
2023-11-30,East,Food,Bakery,4,21.56,0,140.48,47.52,27,3.6,Credit Card,In-Store
2023-12-01,South,Electronics,Smartphone,4,506.81,10,2979.4,639.28,26,3.9,Cash,Online
2023-12-01,South,Food,Dairy,9,20.66,10,273.26,95.85,47,2.9,E-Wallet,In-Store
2023-12-01,Central,Electronics,Laptop,4,460.39,0,3007.24,1026.82,24,3.7,Bank Transfer,Online
2023-12-02,West,Electronics,Headphones,2,484.65,0,1586.49,421.13,23,5.0,Credit Card,In-Store
2023-12-02,North,Toys,Board Game,6,37.96,0,372.78,95.15,18,3.8,E-Wallet,Online
2023-12-02,Central,Food,Bakery,13,25.69,0,546.6,140.8,46,4.5,E-Wallet,In-Store
2023-12-03,East,Furniture,Chair,5,264.53,20,1735.79,348.08,27,4.1,Credit Card,In-Store
2023-12-03,Central,Food,Dairy,7,23.8,0,273.31,118.11,42,4.1,Cash,Online
2023-12-04,West,Toys,Board Game,4,44.42,0,292.12,59.72,21,3.9,Credit Card,In-Store
2023-12-04,South,Electronics,Laptop,7,427.91,0,4924.3,1046.18,18,4.6,E-Wallet,In-Store
2023-12-04,North,Toys,Doll,9,49.99,20,591.78,140.23,47,3.5,E-Wallet,In-Store
2023-12-05,South,Clothing,Jacket,8,66.85,0,881.09,296.46,35,4.1,Bank Transfer,In-Store
2023-12-05,East,Clothing,Jeans,6,61.16,0,604.54,140.42,29,3.5,Bank Transfer,Online
2023-12-05,East,Furniture,Sofa,4,245.81,10,1457.88,575.56,31,4.6,Credit Card,In-Store
2023-12-06,South,Toys,Action Figure,6,41.99,0,415.92,104.85,31,3.1,Credit Card,Online
2023-12-06,North,Furniture,Shelf,12,354.72,0,7026.84,2836.67,64,4.4,E-Wallet,Online
2023-12-06,West,Furniture,Sofa,4,279.83,10,1663.03,409.37,41,4.3,E-Wallet,In-Store
2023-12-07,Central,Clothing,T-Shirt,17,72.2,0,2030.29,601.71,39,3.0,E-Wallet,In-Store
2023-12-07,East,Furniture,Chair,6,277.77,20,2205.37,938.37,28,5.0,Credit Card,Online
2023-12-08,North,Clothing,Jacket,1,72.71,10,108.45,24.53,48,4.5,E-Wallet,Online
2023-12-08,South,Electronics,Tablet,6,379.19,5,3581.84,1094.29,23,3.2,Cash,In-Store
2023-12-08,North,Toys,Doll,6,49.32,0,490.44,140.24,44,4.1,Credit Card,Online
2023-12-09,Central,Furniture,Chair,4,314.88,15,1777.45,673.87,44,2.8,Credit Card,Online
2023-12-09,North,Clothing,Jacket,2,56.9,10,170.03,39.46,51,2.7,E-Wallet,Online
2023-12-09,East,Food,Bakery,5,23.31,0,193.54,60.71,18,5.0,Cash,Online
2023-12-10,South,Furniture,Chair,6,304.8,0,3041.68,1048.53,52,3.0,Bank Transfer,In-Store
2023-12-10,East,Electronics,Smartphone,3,584.79,5,2771.96,877.13,42,4.6,E-Wallet,In-Store
2023-12-11,West,Electronics,Headphones,5,409.57,15,2900.04,795.11,28,5.0,Credit Card,Online
2023-12-11,West,Food,Beverages,8,21.29,20,227.01,62.71,18,3.4,Cash,Online
2023-12-11,North,Clothing,Jeans,5,65.55,10,491.45,177.22,32,5.0,Credit Card,In-Store
2023-12-12,North,Furniture,Shelf,7,313.28,5,3476.55,1229.61,40,4.1,Cash,In-Store
2023-12-12,North,Clothing,Shoes,7,63.73,0,744.4,230.35,18,4.0,Credit Card,Online
2023-12-12,Central,Electronics,Tablet,8,510.06,10,6128.4,1341.5,26,3.3,E-Wallet,In-Store
2023-12-13,Central,Clothing,Jacket,9,56.01,25,631.94,166.61,21,3.5,Cash,Online
2023-12-13,East,Electronics,Smartphone,5,564.9,5,4484.74,1580.41,32,2.3,Credit Card,Online
2023-12-13,East,Clothing,Jacket,7,61.07,0,714.5,261.32,23,3.4,Credit Card,Online
2023-12-14,West,Food,Bakery,6,21.61,0,217.07,69.27,66,4.8,Cash,In-Store
2023-12-14,North,Toys,Action Figure,7,46.85,0,548.9,127.62,49,3.2,Bank Transfer,In-Store
2023-12-15,Central,Food,Dairy,5,28.04,10,211.5,94.72,23,3.4,Cash,Online
2023-12-15,South,Food,Dairy,3,23.95,20,96.34,26.24,25,3.2,E-Wallet,In-Store
2023-12-15,South,Toys,Puzzle,3,44.43,0,223.43,84.09,18,2.9,Credit Card,Online
2023-12-16,East,Toys,Board Game,11,36.4,0,672.04,267.4,36,4.7,Credit Card,Online
2023-12-16,North,Furniture,Shelf,3,306.73,5,1467.33,655.85,61,3.0,Cash,Online
2023-12-16,North,Furniture,Sofa,5,374.91,20,2517.23,568.52,53,4.1,E-Wallet,In-Store
2023-12-17,West,Food,Beverages,9,21.67,5,311.39,69.11,40,3.7,Cash,Online
2023-12-17,North,Food,Dairy,4,24.83,0,166.95,72.57,34,4.8,Cash,Online
2023-12-17,East,Electronics,Laptop,13,544.76,0,11902.55,3803.41,45,3.3,E-Wallet,Online
2023-12-18,North,Electronics,Smartphone,3,578.14,5,2772.68,1141.94,41,3.7,Credit Card,In-Store
2023-12-18,South,Furniture,Table,4,308.09,15,1762.71,458.88,43,3.2,Credit Card,Online
2023-12-19,South,Furniture,Chair,8,316.05,0,4259.62,1208.25,40,3.5,Credit Card,Online
2023-12-19,South,Electronics,Tablet,4,488.74,5,3128.86,1175.57,43,3.3,Credit Card,Online
2023-12-19,West,Electronics,Smartphone,7,569.78,10,6047.45,2544.52,19,4.0,Bank Transfer,Online
2023-12-20,South,Clothing,Shoes,5,73.75,5,590.79,143.09,36,5.0,Cash,In-Store
2023-12-20,East,Clothing,Jeans,5,53.12,0,447.93,126.06,41,3.8,Cash,In-Store
2023-12-20,East,Electronics,Smartphone,1,458.27,20,618.31,277.19,32,5.0,Bank Transfer,Online
2023-12-21,West,Clothing,Shoes,10,61.92,10,940.83,275.69,21,4.9,Bank Transfer,In-Store
2023-12-21,Central,Toys,Action Figure,6,47.78,10,435.61,107.78,38,4.1,Cash,Online
2023-12-21,West,Furniture,Shelf,2,330.43,10,1004.14,303.56,75,4.8,E-Wallet,Online
2023-12-22,North,Furniture,Chair,6,338.13,25,2571.28,884.06,27,4.5,Credit Card,Online
2023-12-22,North,Electronics,Tablet,4,584.59,5,3753.94,1141.28,36,3.0,E-Wallet,In-Store
2023-12-23,South,Food,Snacks,4,20.94,5,134.56,39.71,54,4.0,Credit Card,In-Store
2023-12-23,East,Electronics,Smartphone,8,410.18,5,5272.48,1528.97,61,4.2,Cash,In-Store
2023-12-23,North,Clothing,Shoes,10,60.24,5,967.87,201.55,30,5.0,Credit Card,Online
2023-12-24,East,Food,Beverages,6,24.35,0,247.28,100.23,50,3.3,Bank Transfer,In-Store
2023-12-24,East,Clothing,Shoes,6,48.65,25,370.57,109.03,48,4.6,Credit Card,In-Store
2023-12-24,South,Toys,Puzzle,5,33.84,20,229.09,92.33,31,3.2,Cash,Online
2023-12-25,West,Clothing,T-Shirt,3,68.43,0,347.74,138.23,46,5.0,E-Wallet,In-Store
2023-12-25,North,Toys,Doll,7,49.59,0,587.98,166.21,35,5.0,E-Wallet,Online
2023-12-25,North,Toys,Puzzle,9,42.28,0,644.65,142.48,29,3.0,E-Wallet,In-Store
2023-12-26,West,Clothing,Jeans,7,64.18,20,609.19,249.91,60,5.0,E-Wallet,Online
2023-12-26,East,Clothing,Jeans,5,55.65,5,448.1,93.82,46,4.9,E-Wallet,In-Store
2023-12-27,West,Toys,Board Game,8,47.36,10,578.33,214.07,18,5.0,Credit Card,In-Store
2023-12-27,South,Food,Snacks,8,29.4,20,319.11,112.38,36,5.0,Credit Card,Online
2023-12-27,North,Toys,Action Figure,6,43.77,5,423.13,174.15,31,5.0,Credit Card,In-Store
2023-12-28,West,Furniture,Shelf,7,271.9,15,2745.42,812.76,35,3.9,Bank Transfer,Online
2023-12-28,West,Toys,Puzzle,6,33.94,5,328.3,98.78,44,5.0,Cash,Online
2023-12-28,West,Food,Beverages,6,20.8,10,190.63,64.71,41,3.4,Credit Card,In-Store
2023-12-29,South,Furniture,Chair,9,328.9,5,4774.4,1580.22,56,3.4,E-Wallet,Online
2023-12-29,East,Electronics,Tablet,8,545.63,5,7040.4,2071.68,53,3.6,Cash,Online
2023-12-29,South,Electronics,Smartphone,5,553.12,25,3521.58,1071.0,22,4.6,Credit Card,In-Store
2023-12-30,North,Food,Dairy,4,25.8,10,157.72,56.22,36,3.4,E-Wallet,In-Store
2023-12-30,Central,Toys,Board Game,7,47.69,5,538.59,123.32,18,3.1,Credit Card,In-Store
2023-12-31,North,Clothing,T-Shirt,5,76.41,0,649.07,183.74,25,3.3,E-Wallet,In-Store
2023-12-31,Central,Food,Bakery,9,23.44,0,358.41,142.88,18,3.7,Cash,In-Store
2023-12-31,South,Furniture,Table,5,299.69,10,2291.31,847.84,18,4.2,Credit Card,In-Store
2024-01-01,North,Furniture,Shelf,5,379.72,5,2524.11,638.68,56,3.4,Bank Transfer,In-Store
2024-01-01,East,Electronics,Smartphone,13,436.1,15,6743.73,2858.46,47,3.1,Credit Card,Online
2024-01-01,Central,Furniture,Chair,4,377.08,5,2005.25,526.26,46,4.3,Credit Card,In-Store
2024-01-02,West,Food,Beverages,5,32.26,5,214.51,77.29,53,5.0,E-Wallet,Online
2024-01-02,West,Furniture,Shelf,5,339.27,15,2018.28,629.86,45,3.8,Credit Card,Online
2024-01-03,West,Food,Bakery,5,30.21,5,200.89,76.31,36,4.8,Credit Card,In-Store
2024-01-03,West,Clothing,T-Shirt,4,70.49,20,315.76,64.22,30,4.2,Credit Card,In-Store
2024-01-03,West,Electronics,Tablet,4,517.4,10,2607.54,582.89,60,4.6,Cash,Online
2024-01-04,North,Furniture,Table,7,286.04,0,2803.19,610.78,54,4.7,Credit Card,Online
2024-01-04,East,Food,Snacks,7,20.71,10,182.69,73.77,35,4.1,E-Wallet,Online
2024-01-04,North,Toys,Action Figure,6,38.86,0,326.43,78.21,47,3.2,Credit Card,Online
2024-01-05,Central,Electronics,Tablet,7,510.06,0,4998.43,1580.26,18,3.0,Credit Card,Online
2024-01-05,Central,Clothing,T-Shirt,5,51.08,0,357.52,97.62,48,4.9,Cash,In-Store
2024-01-05,North,Food,Beverages,7,20.15,10,177.71,70.31,31,4.6,Credit Card,Online
2024-01-06,West,Clothing,Shoes,6,52.19,0,438.34,119.23,73,4.7,Cash,Online
2024-01-06,Central,Clothing,Shoes,5,69.47,0,486.23,107.67,52,4.5,Cash,In-Store
2024-01-07,North,Furniture,Sofa,4,385.92,0,2160.38,827.71,18,4.9,Bank Transfer,In-Store
2024-01-07,East,Furniture,Shelf,4,387.46,0,2169.01,849.51,28,4.2,Credit Card,Online
2024-01-07,Central,Food,Beverages,6,26.17,0,219.79,93.17,38,2.8,Cash,Online
2024-01-08,North,Toys,Puzzle,3,49.39,0,207.29,79.46,37,4.2,Credit Card,Online
2024-01-08,West,Food,Dairy,4,29.21,0,163.47,51.67,36,5.0,E-Wallet,In-Store
2024-01-08,South,Toys,Doll,4,42.02,0,235.17,56.87,50,4.3,Bank Transfer,Online
2024-01-09,Central,Clothing,Shoes,4,65.18,0,364.65,138.68,30,3.0,Bank Transfer,In-Store
2024-01-09,Central,Electronics,Tablet,9,390.88,15,4182.05,1232.51,37,4.8,Credit Card,In-Store
2024-01-09,Central,Food,Beverages,4,31.72,10,159.71,52.72,57,5.0,Credit Card,In-Store
2024-01-10,East,Food,Dairy,5,24.4,5,162.02,61.22,58,3.6,Cash,Online
2024-01-10,Central,Toys,Action Figure,10,40.92,20,457.67,147.56,50,4.5,Credit Card,In-Store
2024-01-11,West,Clothing,Jacket,6,68.15,0,571.31,233.1,33,4.4,E-Wallet,Online
2024-01-11,South,Clothing,T-Shirt,6,58.02,0,486.37,141.1,28,4.2,Credit Card,Online
2024-01-11,West,Toys,Action Figure,5,37.09,15,220.21,92.73,37,4.8,E-Wallet,Online
2024-01-12,North,Clothing,Jeans,5,66.93,10,420.56,112.4,38,3.8,Bank Transfer,In-Store
2024-01-12,East,Furniture,Chair,2,243.75,25,510.52,207.05,37,4.8,Credit Card,Online
2024-01-12,North,Electronics,Headphones,3,522.16,20,1749.85,350.78,45,5.0,E-Wallet,In-Store
2024-01-13,North,Food,Bakery,8,26.43,0,294.98,72.0,42,3.8,Credit Card,Online
2024-01-13,North,Electronics,Laptop,5,496.29,25,2596.85,945.36,42,4.8,Credit Card,In-Store
2024-01-13,West,Food,Bakery,6,27.9,20,186.85,64.17,31,3.9,Credit Card,Online
2024-01-14,South,Furniture,Shelf,7,319.06,5,2958.16,1139.49,22,3.0,Credit Card,Online
2024-01-14,West,Clothing,T-Shirt,7,65.48,25,479.26,123.76,47,3.1,Credit Card,Online
2024-01-15,North,Toys,Board Game,7,45.68,0,445.38,158.03,38,4.4,Cash,In-Store
2024-01-15,South,Furniture,Shelf,6,352.97,10,2655.09,693.52,43,2.6,E-Wallet,Online
2024-01-15,East,Electronics,Laptop,8,523.68,0,5835.84,2599.28,43,4.1,Credit Card,In-Store
2024-01-16,West,Toys,Action Figure,8,49.39,0,549.9,228.81,18,3.4,E-Wallet,Online
2024-01-16,South,Clothing,Jeans,6,53.68,10,403.43,144.73,60,2.3,E-Wallet,In-Store
2024-01-16,East,Furniture,Table,4,300.17,0,1670.94,706.43,30,4.5,E-Wallet,Online
2024-01-17,Central,Toys,Puzzle,11,50.96,10,701.3,210.19,55,3.0,Cash,Online
2024-01-17,East,Furniture,Table,4,299.49,5,1582.12,691.85,43,5.0,Credit Card,In-Store
2024-01-17,North,Furniture,Shelf,9,258.73,5,3075.32,722.88,23,5.0,E-Wallet,Online
2024-01-18,North,Clothing,Jeans,5,63.76,0,442.72,114.96,28,3.9,E-Wallet,Online
2024-01-18,Central,Food,Beverages,4,21.37,10,106.82,42.29,29,2.5,Credit Card,Online
2024-01-19,North,Toys,Doll,8,36.06,15,340.06,111.9,29,4.4,E-Wallet,In-Store
2024-01-19,Central,Clothing,Jeans,6,77.95,10,583.8,196.77,18,5.0,Credit Card,Online
2024-01-19,East,Furniture,Shelf,8,321.2,10,3207.53,862.13,27,4.9,E-Wallet,Online
2024-01-20,Central,Clothing,Jeans,11,56.52,5,818.13,286.04,50,4.9,Credit Card,In-Store
2024-01-20,West,Food,Bakery,3,32.43,5,128.04,56.56,51,5.0,Cash,Online
2024-01-20,Central,Toys,Action Figure,7,51.33,5,472.82,180.41,29,3.1,Cash,In-Store
2024-01-21,South,Food,Bakery,4,25.51,25,105.85,35.3,18,5.0,Credit Card,In-Store
2024-01-21,West,Electronics,Laptop,7,418.59,10,3647.71,752.8,46,5.0,Credit Card,In-Store
2024-01-21,South,Toys,Doll,6,48.77,5,384.5,88.32,23,3.6,Bank Transfer,Online
2024-01-22,East,Food,Beverages,4,28.95,5,151.92,61.47,24,3.8,Cash,In-Store
2024-01-22,East,Furniture,Table,7,343.04,5,3150.8,848.13,34,5.0,Cash,Online
2024-01-23,Central,Toys,Board Game,5,49.86,10,309.43,66.77,33,5.0,E-Wallet,Online
2024-01-23,Central,Toys,Doll,7,45.79,5,419.91,188.04,27,3.4,E-Wallet,Online
2024-01-23,West,Clothing,T-Shirt,4,56.51,10,280.57,75.69,28,3.1,Credit Card,Online
2024-01-24,South,Furniture,Shelf,4,344.08,0,1894.9,635.11,31,3.9,E-Wallet,Online
2024-01-24,South,Electronics,Tablet,6,428.81,5,3365.15,942.04,28,2.9,Credit Card,In-Store
2024-01-24,West,Food,Snacks,8,29.49,20,259.85,77.59,29,3.5,Credit Card,Online
2024-01-25,North,Clothing,Shoes,5,66.59,0,457.63,93.28,34,3.5,E-Wallet,Online
2024-01-25,North,Food,Snacks,10,20.97,25,216.14,81.66,42,5.0,Bank Transfer,Online
2024-01-26,South,Electronics,Laptop,4,475.39,0,2608.82,661.24,41,5.0,Credit Card,Online
2024-01-26,South,Electronics,Tablet,9,437.24,0,5398.85,2112.79,30,4.9,Cash,Online
2024-01-26,South,Toys,Doll,5,38.57,5,251.36,85.74,33,3.4,Cash,Online
2024-01-27,North,Electronics,Smartphone,6,495.51,15,3460.48,713.39,55,4.0,Credit Card,Online
2024-01-27,North,Food,Beverages,9,24.03,10,266.52,68.89,50,3.7,Bank Transfer,In-Store
2024-01-27,North,Furniture,Sofa,6,356.53,0,2929.33,1086.91,45,4.2,E-Wallet,Online
2024-01-28,Central,Furniture,Sofa,6,250.62,0,2055.06,606.57,18,4.6,E-Wallet,In-Store
2024-01-28,South,Toys,Doll,5,45.21,10,278.03,121.66,39,3.7,Cash,In-Store
2024-01-28,South,Food,Snacks,6,30.11,0,246.94,94.68,29,3.2,Credit Card,Online
2024-01-29,West,Food,Dairy,7,28.41,5,257.67,69.67,25,5.0,Cash,Online
2024-01-29,North,Electronics,Tablet,6,471.88,5,3668.34,1127.93,33,5.0,Cash,Online
2024-01-30,Central,Food,Dairy,7,31.88,10,273.33,90.9,51,4.4,E-Wallet,Online
2024-01-30,West,Clothing,T-Shirt,8,57.0,0,620.57,172.07,49,3.1,Credit Card,In-Store
2024-01-30,North,Electronics,Tablet,5,364.31,0,2479.03,868.62,29,4.7,Cash,Online
2024-01-31,South,Clothing,T-Shirt,7,60.96,5,550.47,244.11,39,3.9,E-Wallet,Online
2024-01-31,Central,Toys,Doll,4,32.66,0,177.4,60.27,32,2.2,E-Wallet,Online
2024-01-31,Central,Furniture,Sofa,5,383.09,5,2470.97,554.65,34,3.7,Credit Card,Online
2024-02-01,East,Toys,Action Figure,8,36.2,15,333.48,78.65,50,4.5,E-Wallet,Online
2024-02-01,East,Furniture,Sofa,7,358.34,0,3398.31,1181.77,37,3.8,Cash,Online
2024-02-01,North,Toys,Board Game,3,47.49,0,193.02,85.79,18,4.4,E-Wallet,Online
2024-02-02,Central,Food,Beverages,8,22.72,0,245.68,71.47,39,4.4,Credit Card,In-Store
2024-02-02,North,Clothing,Jeans,9,66.64,15,688.98,182.38,61,3.2,Cash,Online
2024-02-03,Central,Furniture,Shelf,4,247.21,0,1333.18,501.86,28,4.5,E-Wallet,In-Store
2024-02-03,East,Electronics,Tablet,8,468.8,25,3792.3,1254.62,58,4.8,Credit Card,Online
2024-02-03,East,Clothing,T-Shirt,7,48.44,5,434.29,87.74,46,4.0,Credit Card,Online
2024-02-04,East,Electronics,Laptop,10,567.26,0,7628.35,2333.62,53,4.0,Credit Card,Online
2024-02-04,North,Clothing,Jacket,6,77.28,0,623.57,225.88,49,4.0,Credit Card,In-Store
2024-02-04,North,Clothing,Jeans,7,54.67,10,463.16,135.76,40,5.0,E-Wallet,Online
2024-02-05,North,Toys,Puzzle,5,36.16,10,218.26,88.39,30,4.4,Credit Card,Online
2024-02-05,North,Furniture,Sofa,5,353.06,5,2249.29,900.14,40,4.1,Credit Card,Online
2024-02-05,West,Furniture,Table,7,278.01,0,2610.11,571.01,41,4.4,E-Wallet,In-Store
2024-02-06,South,Clothing,Shoes,5,74.85,5,475.58,185.57,50,4.4,Cash,In-Store
2024-02-06,North,Food,Dairy,6,27.17,0,218.09,81.19,18,3.9,Credit Card,Online
2024-02-07,Central,Food,Bakery,3,24.38,5,92.7,29.11,19,3.0,Cash,Online
2024-02-07,Central,Electronics,Laptop,5,547.36,0,3650.46,821.63,41,4.1,Credit Card,Online
2024-02-07,Central,Electronics,Laptop,6,471.02,10,3392.63,863.89,42,4.6,Credit Card,Online
2024-02-08,Central,Toys,Action Figure,7,50.23,0,467.67,205.33,26,4.2,E-Wallet,In-Store
2024-02-08,North,Clothing,Jacket,6,75.84,5,574.95,159.11,42,3.6,E-Wallet,In-Store
2024-02-08,South,Electronics,Tablet,9,397.22,5,4517.01,1463.44,46,3.8,E-Wallet,Online
2024-02-09,West,Electronics,Smartphone,3,360.52,0,1434.23,474.89,35,4.8,E-Wallet,In-Store
2024-02-09,West,Clothing,T-Shirt,4,77.52,5,390.62,108.24,56,2.7,Bank Transfer,Online
2024-02-09,North,Toys,Puzzle,7,50.12,0,465.26,186.54,59,3.4,Bank Transfer,Online
2024-02-10,West,Electronics,Headphones,7,372.48,0,3446.97,705.35,39,4.1,E-Wallet,Online
2024-02-10,North,Toys,Doll,7,48.66,20,360.25,104.0,48,5.0,E-Wallet,Online
2024-02-11,North,Furniture,Sofa,4,308.67,0,1627.19,583.49,18,5.0,E-Wallet,Online
2024-02-11,East,Toys,Doll,8,37.18,5,372.39,111.7,51,4.7,Credit Card,In-Store
2024-02-11,East,Food,Bakery,8,30.98,15,277.67,109.93,57,3.6,Credit Card,Online
2024-02-12,East,Food,Dairy,4,22.46,0,118.01,34.41,24,2.6,Credit Card,Online
2024-02-12,North,Toys,Action Figure,5,50.95,20,267.71,118.58,46,5.0,Bank Transfer,In-Store
2024-02-12,Central,Food,Dairy,3,22.57,0,88.95,32.44,18,3.3,E-Wallet,In-Store
2024-02-13,South,Furniture,Sofa,8,332.05,10,3130.38,823.67,27,4.2,E-Wallet,In-Store
2024-02-13,North,Clothing,T-Shirt,8,54.69,10,515.61,127.87,31,4.0,Credit Card,In-Store
2024-02-14,Central,Food,Snacks,8,26.82,20,224.0,86.64,18,4.1,Cash,In-Store
2024-02-14,Central,Food,Dairy,6,28.55,10,201.18,63.4,34,3.2,Credit Card,In-Store
2024-02-14,Central,Toys,Board Game,7,35.8,5,310.71,98.77,34,5.0,E-Wallet,Online
2024-02-15,West,Furniture,Chair,6,318.13,10,2234.05,769.94,46,3.4,E-Wallet,Online
2024-02-15,West,Clothing,Shoes,4,62.07,0,322.88,126.86,18,4.1,E-Wallet,Online
2024-02-15,East,Toys,Board Game,4,33.42,10,156.46,42.9,46,3.7,Credit Card,Online
2024-02-16,North,Toys,Action Figure,9,48.37,0,564.08,218.25,27,4.5,Credit Card,Online
2024-02-16,South,Furniture,Table,7,290.35,10,2370.4,526.81,21,3.9,Credit Card,In-Store
2024-02-16,South,Clothing,Jeans,11,65.24,10,836.93,266.04,35,3.8,Credit Card,Online
2024-02-17,South,Furniture,Sofa,8,317.22,20,2621.34,609.15,47,5.0,E-Wallet,Online
2024-02-17,West,Clothing,Shoes,11,63.4,5,855.41,322.76,31,3.8,Credit Card,Online
2024-02-18,East,Furniture,Shelf,6,256.08,15,1680.09,417.05,44,5.0,Cash,Online
2024-02-18,North,Toys,Puzzle,7,40.47,0,364.42,153.64,41,3.0,Cash,In-Store
2024-02-18,North,Toys,Board Game,6,41.05,0,316.82,81.83,75,3.7,Cash,In-Store
2024-02-19,West,Electronics,Tablet,5,525.07,5,3196.32,1129.14,33,3.4,Credit Card,In-Store
2024-02-19,North,Food,Dairy,6,30.5,10,211.07,70.18,35,4.1,Bank Transfer,Online
2024-02-19,Central,Furniture,Chair,7,321.75,10,2597.74,1060.65,52,3.0,Cash,Online
2024-02-20,East,Electronics,Laptop,4,379.53,10,1744.25,776.79,37,4.6,E-Wallet,In-Store
2024-02-20,East,Food,Snacks,6,22.96,0,175.87,49.85,41,4.6,Credit Card,Online
2024-02-20,East,Furniture,Table,4,264.74,10,1216.71,368.75,18,5.0,E-Wallet,Online
2024-02-21,West,Clothing,Jacket,3,51.74,0,197.37,58.11,36,4.7,Credit Card,Online
2024-02-21,South,Food,Snacks,7,24.57,0,218.74,84.49,28,4.7,E-Wallet,In-Store
2024-02-22,West,Toys,Board Game,6,36.59,0,278.04,108.48,31,4.5,Cash,In-Store
2024-02-22,East,Electronics,Smartphone,6,409.12,10,2798.05,678.32,41,3.9,Credit Card,Online
2024-02-22,South,Food,Beverages,8,20.68,5,199.09,51.7,37,5.0,Credit Card,Online
2024-02-23,Central,Food,Snacks,8,20.22,0,204.04,74.64,48,4.4,Bank Transfer,In-Store
2024-02-23,West,Toys,Puzzle,9,34.06,10,347.94,101.09,50,5.0,Credit Card,Online
2024-02-23,West,Furniture,Shelf,4,265.83,5,1274.15,309.57,35,5.0,E-Wallet,Online
2024-02-24,Central,Clothing,Jacket,10,60.93,15,650.53,148.19,41,4.4,E-Wallet,Online
2024-02-24,Central,Toys,Puzzle,6,42.21,5,302.22,135.56,18,4.4,Credit Card,Online
2024-02-24,West,Clothing,Shoes,7,52.22,0,459.13,113.24,42,4.7,Credit Card,Online
2024-02-25,West,Furniture,Sofa,3,303.72,25,854.73,309.76,51,5.0,Credit Card,Online
2024-02-25,West,Food,Snacks,9,24.27,0,273.23,73.88,26,2.8,Cash,In-Store
2024-02-26,West,Clothing,Shoes,5,53.5,10,299.84,107.09,47,5.0,Cash,Online
2024-02-26,East,Electronics,Tablet,4,361.54,5,1710.95,510.61,32,4.4,E-Wallet,Online
2024-02-26,West,Electronics,Headphones,8,465.08,0,4633.56,1335.87,30,4.9,E-Wallet,In-Store
2024-02-27,North,Toys,Doll,9,45.71,10,459.1,160.11,56,3.5,E-Wallet,Online
2024-02-27,Central,Furniture,Sofa,11,273.94,0,3736.24,1202.34,37,3.4,Credit Card,In-Store
2024-02-27,Central,Toys,Board Game,5,34.64,20,171.78,46.11,49,4.5,E-Wallet,Online
2024-02-28,North,Toys,Board Game,5,49.74,0,306.99,101.59,18,4.8,Credit Card,In-Store
2024-02-28,West,Toys,Action Figure,4,37.5,5,175.9,78.54,30,3.1,Credit Card,Online
2024-02-28,North,Electronics,Tablet,7,410.31,10,3190.75,1425.55,47,3.8,E-Wallet,In-Store
2024-02-29,South,Electronics,Headphones,11,552.85,0,7472.32,2127.16,39,3.0,E-Wallet,In-Store
2024-02-29,West,Toys,Puzzle,8,48.34,5,451.44,107.53,35,4.4,Credit Card,In-Store
2024-03-01,North,Electronics,Smartphone,4,460.88,20,1803.77,457.58,45,5.0,E-Wallet,In-Store
2024-03-01,West,Furniture,Table,9,313.39,10,3104.62,1156.16,27,3.8,Cash,In-Store
2024-03-01,West,Toys,Doll,5,36.35,5,211.2,70.17,53,4.6,E-Wallet,In-Store
2024-03-02,East,Electronics,Headphones,7,377.62,10,2895.95,1133.65,35,4.2,Credit Card,In-Store
2024-03-02,North,Clothing,Shoes,8,65.2,20,507.98,102.97,27,4.5,Credit Card,In-Store
2024-03-02,South,Toys,Action Figure,2,33.97,0,82.7,31.83,28,3.5,E-Wallet,Online
2024-03-03,East,Toys,Board Game,5,40.99,5,235.85,81.59,36,4.6,E-Wallet,Online
2024-03-03,Central,Furniture,Chair,10,381.07,0,4616.68,1291.37,32,3.8,Cash,Online
2024-03-03,East,Food,Dairy,6,31.91,20,185.56,42.86,44,5.0,E-Wallet,Online
2024-03-04,South,Food,Beverages,3,22.99,10,74.84,32.72,37,3.7,Bank Transfer,In-Store
2024-03-04,East,Furniture,Chair,9,333.62,15,3076.93,1153.07,33,5.0,E-Wallet,Online
2024-03-05,East,Furniture,Sofa,5,311.11,20,1492.93,459.46,42,5.0,E-Wallet,Online
2024-03-05,West,Furniture,Chair,10,371.35,0,4455.04,1316.11,31,5.0,E-Wallet,In-Store
2024-03-05,North,Food,Snacks,5,23.39,0,140.32,60.69,44,3.3,E-Wallet,In-Store
2024-03-06,West,Furniture,Table,5,240.56,0,1435.73,407.72,42,3.2,Credit Card,In-Store
2024-03-06,East,Electronics,Laptop,6,396.58,5,2698.3,858.02,41,4.4,E-Wallet,Online
2024-03-06,Central,Toys,Doll,6,38.99,10,251.33,61.1,33,4.1,Cash,In-Store
2024-03-07,South,Toys,Action Figure,4,38.31,15,154.71,61.03,29,4.6,Credit Card,Online
2024-03-07,East,Clothing,Shoes,9,71.74,0,766.81,307.68,48,5.0,Cash,In-Store
2024-03-08,Central,Clothing,T-Shirt,6,68.42,5,460.76,115.96,45,4.1,Credit Card,Online
2024-03-08,North,Toys,Doll,5,37.99,15,190.77,52.28,24,3.7,Credit Card,Online
2024-03-08,Central,Electronics,Headphones,6,462.99,0,3282.21,827.38,32,4.2,Bank Transfer,In-Store
2024-03-09,West,Food,Snacks,5,21.19,0,124.56,31.7,55,5.0,Credit Card,In-Store
2024-03-09,North,Food,Dairy,7,31.23,10,231.23,98.04,50,4.1,Cash,Online
2024-03-09,South,Electronics,Tablet,4,570.47,5,2547.93,969.12,22,5.0,Credit Card,In-Store
2024-03-10,West,Food,Dairy,6,32.25,20,180.97,69.67,38,4.9,Cash,Online
2024-03-10,North,Furniture,Chair,9,370.28,5,3701.41,800.81,43,4.6,Credit Card,Online
2024-03-10,East,Toys,Board Game,8,35.48,15,282.07,92.56,50,3.7,Cash,In-Store
2024-03-11,South,Toys,Doll,5,32.92,10,172.29,72.75,39,4.0,E-Wallet,In-Store
2024-03-11,East,Electronics,Tablet,8,490.41,0,4562.29,1722.75,44,4.4,Credit Card,In-Store
2024-03-12,North,Food,Bakery,6,31.41,0,217.95,50.57,50,4.0,Credit Card,Online
2024-03-12,Central,Clothing,T-Shirt,5,53.32,0,308.34,73.46,51,5.0,Cash,In-Store
2024-03-12,Central,Clothing,Shoes,4,48.21,0,223.04,50.16,35,4.2,Credit Card,Online
2024-03-13,Central,Food,Snacks,7,30.07,0,242.1,85.43,38,3.5,Credit Card,Online
2024-03-13,West,Clothing,Jacket,3,50.3,10,156.22,45.25,28,4.4,Credit Card,Online
2024-03-13,North,Electronics,Tablet,6,453.08,10,2814.16,1070.66,34,3.8,Cash,In-Store
2024-03-14,West,Electronics,Headphones,6,512.75,10,3167.02,1281.99,32,4.7,E-Wallet,Online
2024-03-14,North,Food,Beverages,5,22.96,0,131.31,58.37,35,3.6,Cash,Online
2024-03-14,North,Clothing,Jacket,9,50.52,10,468.05,184.48,36,5.0,E-Wallet,In-Store
2024-03-15,South,Electronics,Smartphone,3,533.25,5,1728.53,516.67,48,2.8,Credit Card,Online
2024-03-15,East,Electronics,Headphones,7,501.79,20,3196.0,715.74,42,4.0,E-Wallet,In-Store
2024-03-16,West,Furniture,Chair,5,388.27,20,1756.35,731.77,21,4.4,Credit Card,Online
2024-03-16,West,Furniture,Sofa,7,291.65,15,1962.39,432.7,45,3.8,Bank Transfer,In-Store
2024-03-16,South,Electronics,Laptop,3,373.9,10,1141.64,415.16,30,2.3,Credit Card,Online
2024-03-17,South,Food,Snacks,6,29.18,0,196.85,67.58,23,5.0,Bank Transfer,Online
2024-03-17,Central,Toys,Doll,4,42.43,0,190.84,68.47,23,4.7,E-Wallet,In-Store
2024-03-17,South,Toys,Puzzle,8,36.26,15,277.26,96.44,40,3.2,Credit Card,In-Store
2024-03-18,East,Electronics,Smartphone,4,535.89,5,2276.23,876.81,51,3.2,Bank Transfer,Online
2024-03-18,North,Electronics,Tablet,5,405.84,5,2154.82,593.33,35,3.0,Credit Card,Online
2024-03-18,West,Electronics,Tablet,5,418.65,15,1988.82,518.0,50,4.1,E-Wallet,Online
2024-03-19,West,Food,Dairy,7,21.16,10,148.11,36.17,39,5.0,E-Wallet,Online
2024-03-19,North,Furniture,Chair,7,299.91,0,2332.82,850.73,18,3.8,Credit Card,Online
2024-03-20,North,Electronics,Laptop,9,454.26,0,4515.78,1168.88,45,3.7,Credit Card,Online
2024-03-20,West,Electronics,Smartphone,6,475.78,0,3153.12,916.24,30,4.9,Cash,Online
2024-03-20,West,Clothing,Jacket,3,69.27,10,206.58,43.49,27,4.4,E-Wallet,Online
2024-03-21,South,Food,Dairy,10,31.33,5,326.73,112.33,46,4.0,E-Wallet,Online
2024-03-21,Central,Electronics,Tablet,5,390.99,20,1717.06,346.71,39,4.9,E-Wallet,Online
2024-03-21,North,Clothing,Shoes,8,49.63,10,392.32,103.93,37,2.8,Credit Card,In-Store
2024-03-22,South,Toys,Doll,4,32.37,0,141.29,36.16,39,4.5,E-Wallet,In-Store
2024-03-22,Central,Electronics,Smartphone,9,392.31,0,3852.85,1709.02,26,5.0,Bank Transfer,Online
2024-03-22,South,Electronics,Smartphone,3,508.04,5,1579.96,514.52,61,3.1,Credit Card,Online
2024-03-23,East,Clothing,Shoes,3,69.82,20,181.74,57.78,40,4.0,Credit Card,Online
2024-03-23,South,Food,Dairy,6,29.83,0,194.11,85.38,40,2.5,Cash,In-Store
2024-03-24,South,Electronics,Smartphone,3,414.83,15,1140.06,424.07,36,3.9,E-Wallet,In-Store
2024-03-24,Central,Toys,Board Game,10,38.12,0,410.81,86.72,18,3.6,Credit Card,Online
2024-03-24,South,Electronics,Headphones,8,468.71,0,4041.15,1388.02,29,5.0,E-Wallet,In-Store
2024-03-25,Central,Toys,Puzzle,6,33.26,20,171.0,68.97,22,3.9,Bank Transfer,Online
2024-03-25,North,Furniture,Shelf,4,331.67,0,1420.85,457.04,20,4.3,Credit Card,In-Store
2024-03-25,North,Furniture,Chair,5,387.56,10,1867.81,824.75,18,5.0,Cash,Online
2024-03-26,North,Toys,Doll,7,39.22,0,292.13,93.78,29,2.3,Credit Card,Online
2024-03-26,West,Food,Bakery,6,29.41,15,159.62,48.12,38,4.4,Credit Card,Online
2024-03-27,South,Electronics,Headphones,3,472.51,15,1274.04,459.39,19,3.4,Cash,In-Store
2024-03-27,Central,Electronics,Tablet,6,388.76,20,1973.12,511.74,47,3.4,E-Wallet,Online
2024-03-27,East,Furniture,Sofa,7,327.34,0,2422.84,1008.07,41,3.4,Cash,In-Store
2024-03-28,Central,Toys,Board Game,6,38.0,0,239.51,55.2,34,3.7,Bank Transfer,In-Store
2024-03-28,North,Electronics,Tablet,7,367.74,5,2569.12,542.44,66,3.3,Credit Card,Online
2024-03-28,Central,Electronics,Headphones,7,502.86,0,3697.99,1662.95,34,3.8,Cash,In-Store
2024-03-29,West,Food,Dairy,3,30.74,10,86.62,20.73,48,5.0,E-Wallet,Online
2024-03-29,West,Clothing,Jacket,5,58.34,5,289.25,93.56,40,4.5,Credit Card,Online
2024-03-29,West,Furniture,Table,7,298.54,0,2181.18,729.93,56,5.0,Cash,In-Store
2024-03-30,West,Furniture,Sofa,3,373.65,10,1046.06,408.31,52,4.3,E-Wallet,In-Store
2024-03-30,East,Clothing,Jeans,5,72.41,15,319.08,107.9,34,4.8,E-Wallet,Online
2024-03-31,North,Electronics,Smartphone,4,520.86,25,1609.49,341.84,34,5.0,Cash,Online
2024-03-31,North,Food,Dairy,4,23.11,5,90.45,35.94,20,3.2,Cash,Online
2024-03-31,Central,Food,Dairy,4,31.38,0,129.28,52.39,39,5.0,Bank Transfer,Online
2024-04-01,East,Furniture,Table,5,263.16,0,1346.26,524.4,46,3.3,Credit Card,In-Store
2024-04-01,West,Food,Beverages,7,27.83,0,199.35,62.21,37,4.4,Cash,Online
2024-04-01,East,Clothing,Jacket,4,48.86,0,199.98,43.48,56,4.8,E-Wallet,In-Store
2024-04-02,North,Electronics,Headphones,8,504.84,25,3078.29,943.59,39,2.7,Credit Card,In-Store
2024-04-02,North,Clothing,Shoes,4,56.31,0,228.92,89.08,54,3.7,Cash,Online
2024-04-02,West,Toys,Action Figure,4,40.99,0,166.64,56.64,35,4.0,Credit Card,Online
2024-04-03,South,Furniture,Table,12,291.79,0,3534.33,1245.5,22,3.1,E-Wallet,In-Store
2024-04-03,North,Food,Bakery,3,22.16,0,67.1,29.41,29,4.3,E-Wallet,Online
2024-04-04,East,Toys,Action Figure,9,44.44,0,400.96,129.24,37,5.0,Credit Card,Online
2024-04-04,North,Food,Snacks,11,31.02,5,325.02,136.02,28,3.4,Credit Card,Online
2024-04-04,East,Electronics,Smartphone,5,575.79,5,2741.85,656.51,18,5.0,E-Wallet,Online
2024-04-05,South,Electronics,Tablet,6,403.28,0,2409.05,753.45,18,4.4,Credit Card,Online
2024-04-05,West,Electronics,Laptop,6,521.41,0,3114.72,743.95,51,3.0,Cash,Online
2024-04-05,South,Food,Dairy,5,28.3,10,126.81,26.76,43,3.8,Credit Card,In-Store
2024-04-06,East,Toys,Doll,9,38.87,5,328.57,70.38,41,4.2,Credit Card,In-Store
2024-04-06,North,Electronics,Tablet,12,364.3,0,4322.29,1836.51,40,5.0,Credit Card,Online
2024-04-06,North,Toys,Board Game,8,45.8,20,289.79,61.96,30,4.9,Credit Card,Online
2024-04-07,South,Food,Bakery,6,31.82,5,178.07,44.71,48,3.5,Cash,Online
2024-04-07,East,Toys,Action Figure,8,44.64,10,315.59,80.66,18,4.5,E-Wallet,Online
2024-04-08,East,Food,Dairy,5,25.44,20,99.22,42.41,18,2.0,Cash,In-Store
2024-04-08,South,Food,Bakery,6,26.56,5,147.63,59.81,35,4.9,E-Wallet,In-Store
2024-04-08,West,Furniture,Sofa,4,269.94,15,894.84,184.52,39,3.5,Cash,Online
2024-04-09,Central,Food,Dairy,9,29.38,20,204.8,81.24,26,3.4,Credit Card,In-Store
2024-04-09,West,Food,Dairy,3,29.33,0,85.18,34.73,18,3.8,Credit Card,In-Store
2024-04-09,North,Clothing,T-Shirt,8,52.37,20,324.45,116.61,45,3.2,Credit Card,Online
2024-04-10,East,Electronics,Tablet,3,557.55,0,1607.81,356.39,32,3.9,E-Wallet,In-Store
2024-04-10,North,Furniture,Chair,3,280.38,0,808.54,267.59,47,4.9,E-Wallet,Online
2024-04-10,North,Furniture,Shelf,5,387.34,15,1582.39,347.89,54,2.6,Cash,In-Store
2024-04-11,Central,Furniture,Table,7,297.44,20,1589.68,582.48,18,4.2,E-Wallet,Online
2024-04-11,North,Clothing,Jeans,7,53.34,10,320.7,126.15,40,4.0,Credit Card,Online
2024-04-12,East,Food,Beverages,5,24.4,0,115.59,37.7,41,4.5,E-Wallet,In-Store
2024-04-12,East,Electronics,Tablet,9,459.04,5,3718.99,1101.31,47,3.9,E-Wallet,In-Store
2024-04-12,West,Toys,Board Game,9,33.39,10,256.25,90.23,31,4.9,Credit Card,In-Store
2024-04-13,East,Food,Dairy,10,27.23,0,256.14,93.11,38,5.0,Cash,Online
2024-04-13,North,Clothing,T-Shirt,6,65.93,25,279.1,110.38,47,5.0,E-Wallet,In-Store
2024-04-13,South,Food,Snacks,5,29.24,0,137.52,52.43,43,3.5,Cash,Online
2024-04-14,East,Food,Beverages,6,20.36,0,114.12,32.15,58,5.0,Bank Transfer,In-Store
2024-04-14,North,Clothing,T-Shirt,7,64.24,0,419.96,150.15,26,3.1,E-Wallet,In-Store
2024-04-14,South,Furniture,Shelf,4,247.94,5,879.92,378.42,40,4.6,E-Wallet,Online
2024-04-15,North,Furniture,Shelf,7,345.17,10,2016.19,837.65,36,5.0,Cash,Online
2024-04-15,North,Electronics,Laptop,10,372.54,0,3454.04,1232.77,35,5.0,Credit Card,In-Store
2024-04-16,South,Electronics,Laptop,4,565.14,15,1768.53,387.09,45,5.0,Credit Card,In-Store
2024-04-16,North,Furniture,Chair,7,345.31,0,2224.79,790.34,39,3.4,Credit Card,In-Store
2024-04-16,East,Toys,Puzzle,4,42.15,5,147.41,64.1,24,4.9,Credit Card,Online
2024-04-17,West,Food,Beverages,6,25.52,10,125.9,43.5,50,4.0,Bank Transfer,In-Store
2024-04-17,West,Toys,Action Figure,3,34.61,0,94.88,26.83,45,4.9,Cash,In-Store
2024-04-17,North,Food,Snacks,6,23.64,10,116.62,35.17,57,4.3,E-Wallet,In-Store
2024-04-18,North,Furniture,Shelf,3,370.34,15,856.51,325.73,47,5.0,E-Wallet,In-Store
2024-04-18,North,Electronics,Smartphone,5,563.5,10,2299.83,639.3,35,4.2,E-Wallet,Online
2024-04-19,East,Electronics,Tablet,4,360.17,5,1232.15,360.21,35,4.9,Credit Card,Online
2024-04-19,West,Toys,Board Game,7,43.88,15,235.06,95.66,51,3.7,Cash,Online
2024-04-19,North,Electronics,Tablet,8,521.84,25,2818.81,1154.2,28,5.0,Credit Card,Online
2024-04-20,Central,Furniture,Chair,7,332.81,0,2081.86,652.05,26,2.3,Bank Transfer,Online
2024-04-20,North,Toys,Board Game,5,33.63,10,135.25,38.57,40,4.7,E-Wallet,Online
2024-04-20,East,Food,Beverages,9,22.72,0,182.74,38.29,18,4.3,Credit Card,Online
2024-04-21,West,Electronics,Smartphone,5,416.33,0,1846.41,636.12,42,4.2,Credit Card,Online
2024-04-21,Central,Clothing,Jacket,7,72.95,0,452.96,117.21,44,2.3,Cash,In-Store
2024-04-21,West,Electronics,Tablet,7,464.22,25,2161.76,909.82,34,4.0,Credit Card,Online
2024-04-22,West,Food,Beverages,5,26.09,10,103.35,23.52,56,5.0,E-Wallet,Online
2024-04-22,South,Toys,Puzzle,7,50.7,0,312.45,91.15,52,3.4,E-Wallet,In-Store
2024-04-23,West,Food,Dairy,6,27.96,0,146.62,42.92,27,2.9,E-Wallet,Online
2024-04-23,North,Clothing,T-Shirt,5,74.96,20,262.02,108.58,46,3.4,E-Wallet,In-Store
2024-04-23,Central,Furniture,Sofa,7,308.48,5,1792.61,788.93,50,5.0,Cash,Online
2024-04-24,East,Electronics,Smartphone,7,393.62,0,2389.85,656.34,39,4.4,Credit Card,In-Store
2024-04-24,West,Toys,Doll,8,50.6,20,280.87,118.17,32,5.0,E-Wallet,Online
2024-04-24,East,Furniture,Sofa,7,308.81,10,1687.4,705.77,23,4.7,E-Wallet,Online
2024-04-25,East,Food,Dairy,7,22.27,0,134.2,54.1,30,3.4,Credit Card,Online
2024-04-25,East,Toys,Puzzle,9,38.05,5,280.05,119.18,23,5.0,Credit Card,Online
2024-04-25,West,Furniture,Table,7,247.62,20,1193.74,350.55,49,3.8,Credit Card,In-Store
2024-04-26,North,Toys,Puzzle,8,41.37,20,226.2,77.93,34,3.6,E-Wallet,In-Store
2024-04-26,North,Clothing,Jeans,4,73.59,0,251.52,96.45,44,4.3,Credit Card,In-Store
2024-04-27,North,Clothing,T-Shirt,3,76.01,0,193.37,65.71,54,4.4,E-Wallet,Online
2024-04-27,North,Electronics,Headphones,6,569.84,0,2899.47,692.87,40,4.7,Credit Card,In-Store
2024-04-27,Central,Electronics,Laptop,10,388.18,5,3127.31,682.47,53,3.8,E-Wallet,Online
2024-04-28,North,Clothing,Shoes,4,59.46,10,180.17,59.12,33,5.0,Cash,Online
2024-04-28,Central,Toys,Action Figure,3,32.56,0,82.23,25.35,43,3.5,Credit Card,Online
2024-04-28,South,Clothing,Jeans,6,73.65,15,316.17,121.95,40,3.3,Credit Card,In-Store
2024-04-29,North,Electronics,Headphones,2,440.72,10,662.72,213.13,28,2.6,Credit Card,In-Store
2024-04-29,West,Clothing,Jeans,5,66.93,10,251.62,66.17,33,4.0,E-Wallet,Online
2024-04-29,West,Clothing,Shoes,7,69.45,20,324.89,106.23,56,4.9,E-Wallet,In-Store
2024-04-30,East,Toys,Puzzle,5,40.6,5,159.89,59.88,33,4.7,Credit Card,In-Store
2024-04-30,East,Furniture,Sofa,6,285.97,0,1422.64,433.18,18,4.3,Cash,Online
2024-05-01,West,Electronics,Tablet,6,576.5,10,2561.9,546.55,33,3.8,Credit Card,In-Store
2024-05-01,North,Toys,Action Figure,2,51.29,15,71.75,16.36,28,5.0,E-Wallet,Online
2024-05-01,Central,Clothing,Jeans,10,56.68,0,466.47,120.2,43,4.1,Credit Card,In-Store
2024-05-02,Central,Clothing,Shoes,4,62.39,15,173.26,66.0,45,4.5,E-Wallet,In-Store
2024-05-02,West,Furniture,Chair,3,385.93,0,945.67,368.44,42,3.1,Cash,Online
2024-05-02,North,Electronics,Laptop,7,361.1,0,2064.59,496.26,32,2.5,Cash,In-Store
2024-05-03,West,Electronics,Headphones,6,452.85,0,2202.77,891.4,38,4.7,Credit Card,Online
2024-05-03,North,Food,Beverages,4,21.26,25,51.7,15.44,33,5.0,Credit Card,In-Store
2024-05-03,North,Electronics,Tablet,5,474.56,5,1827.46,621.82,19,4.5,Cash,Online
2024-05-04,South,Furniture,Chair,6,243.7,0,1176.58,391.81,36,4.7,Cash,In-Store
2024-05-04,East,Food,Dairy,9,25.09,25,136.26,45.83,72,4.9,Credit Card,In-Store
2024-05-05,Central,Food,Beverages,4,22.76,10,65.44,14.72,24,4.2,E-Wallet,In-Store
2024-05-05,West,Clothing,Jeans,7,64.0,15,304.14,130.24,18,3.0,Cash,Online
2024-05-05,West,Clothing,Jacket,10,77.88,0,622.01,158.16,56,4.6,Credit Card,In-Store
2024-05-06,South,Electronics,Headphones,8,540.12,0,3425.51,826.39,43,5.0,E-Wallet,Online
2024-05-06,South,Food,Snacks,4,30.57,5,92.09,19.73,41,4.5,Bank Transfer,Online
2024-05-06,South,Clothing,Shoes,5,67.06,15,225.94,76.11,33,4.1,Credit Card,Online
2024-05-07,Central,Furniture,Table,5,246.23,10,871.93,283.36,40,4.5,E-Wallet,In-Store
2024-05-07,North,Clothing,Shoes,12,54.2,10,460.66,96.59,38,4.1,E-Wallet,Online
2024-05-07,Central,Clothing,Jeans,5,75.75,15,253.34,84.97,55,5.0,Bank Transfer,Online
2024-05-08,East,Food,Beverages,6,24.58,0,115.18,37.33,49,4.2,Credit Card,In-Store
2024-05-08,South,Food,Bakery,8,21.3,10,119.77,43.95,45,4.8,Bank Transfer,In-Store
2024-05-09,West,Toys,Board Game,14,46.05,5,474.87,209.94,29,5.0,Credit Card,Online
2024-05-09,East,Furniture,Chair,9,284.92,0,1988.29,679.47,40,4.7,Cash,Online
2024-05-09,Central,Food,Beverages,7,23.36,0,126.79,36.29,29,4.1,Credit Card,Online
2024-05-10,Central,Electronics,Headphones,6,584.54,15,2294.67,636.8,53,3.0,Credit Card,In-Store
2024-05-10,South,Furniture,Table,5,368.72,20,1135.24,509.01,28,4.6,E-Wallet,In-Store
2024-05-10,South,Furniture,Chair,4,301.19,0,927.33,231.59,36,4.8,Cash,In-Store
2024-05-11,East,Food,Beverages,10,32.25,0,246.45,80.56,23,2.8,Credit Card,In-Store
2024-05-11,Central,Furniture,Chair,8,337.52,0,2063.23,659.85,31,4.4,Credit Card,Online
2024-05-12,North,Food,Snacks,10,29.28,20,177.66,37.23,31,4.3,Credit Card,Online
2024-05-12,East,Clothing,Jeans,7,48.95,10,233.92,88.63,36,2.4,Credit Card,Online
2024-05-12,East,Toys,Action Figure,8,34.43,25,156.72,40.68,26,4.6,Credit Card,Online
2024-05-13,West,Clothing,T-Shirt,5,66.99,20,201.82,61.82,53,5.0,Credit Card,In-Store
2024-05-13,North,Food,Dairy,7,31.24,0,164.69,45.26,35,4.1,Credit Card,Online
2024-05-13,West,Food,Bakery,5,27.8,0,104.67,36.17,31,2.4,Cash,In-Store
2024-05-14,Central,Clothing,T-Shirt,3,52.02,5,110.86,42.15,48,4.4,E-Wallet,In-Store
2024-05-14,North,Electronics,Smartphone,5,386.05,0,1443.35,452.44,66,4.9,Credit Card,In-Store
2024-05-14,North,Electronics,Smartphone,6,549.94,0,2467.35,879.03,32,3.4,Credit Card,In-Store
2024-05-15,Central,Electronics,Headphones,4,391.34,0,1162.22,458.23,34,3.9,Cash,Online
2024-05-15,North,Food,Bakery,7,26.5,10,123.97,29.78,28,3.9,Credit Card,Online
2024-05-16,Central,Furniture,Chair,3,245.57,5,515.96,170.8,46,4.2,Cash,In-Store
2024-05-16,East,Food,Snacks,3,21.01,0,46.46,11.07,50,3.8,Bank Transfer,Online
2024-05-16,North,Furniture,Shelf,6,340.85,10,1356.94,449.81,37,5.0,E-Wallet,Online
2024-05-17,Central,Clothing,T-Shirt,7,68.68,0,351.93,109.38,32,5.0,E-Wallet,In-Store
2024-05-17,South,Toys,Doll,5,38.83,15,120.81,24.3,44,3.7,Cash,In-Store
2024-05-17,East,Furniture,Table,3,272.34,10,538.31,114.19,47,5.0,Credit Card,In-Store
2024-05-18,South,Electronics,Tablet,6,543.08,0,2368.93,905.12,58,2.7,Cash,Online
2024-05-18,East,Food,Snacks,8,22.71,10,118.89,27.68,30,3.5,E-Wallet,In-Store
2024-05-18,North,Clothing,Shoes,10,64.26,5,443.82,156.4,49,4.6,E-Wallet,In-Store
2024-05-19,South,Electronics,Headphones,6,577.85,0,2503.26,1081.88,39,4.1,Cash,In-Store
2024-05-19,Central,Clothing,Jeans,8,52.44,0,302.87,92.7,18,4.2,Credit Card,Online
2024-05-20,South,Toys,Action Figure,11,50.82,25,300.64,61.85,57,4.6,Credit Card,In-Store
2024-05-20,West,Food,Bakery,6,22.29,0,95.89,19.79,41,3.7,Credit Card,In-Store
2024-05-20,South,Food,Snacks,7,27.09,5,129.2,54.05,45,5.0,E-Wallet,In-Store
2024-05-21,West,Toys,Board Game,8,39.54,15,191.51,49.25,50,4.7,Credit Card,Online
2024-05-21,North,Food,Beverages,7,32.06,0,159.86,39.85,45,4.0,Credit Card,In-Store
2024-05-21,Central,Furniture,Table,10,281.03,0,2001.71,716.24,25,4.8,E-Wallet,In-Store
2024-05-22,East,Clothing,T-Shirt,7,59.99,20,237.69,67.83,46,4.6,Credit Card,In-Store
2024-05-22,North,Electronics,Laptop,5,581.14,0,2055.89,674.25,44,3.9,Cash,Online
2024-05-22,North,Toys,Board Game,8,42.73,10,217.67,85.55,18,3.9,Credit Card,Online
2024-05-23,North,Furniture,Shelf,4,315.39,10,798.06,207.24,59,3.2,Cash,Online
2024-05-23,East,Electronics,Laptop,5,418.0,15,1248.66,479.88,33,3.8,Credit Card,In-Store
2024-05-24,South,Electronics,Tablet,4,517.81,25,1084.77,395.82,50,4.1,Cash,In-Store
2024-05-24,West,Toys,Board Game,6,32.29,15,114.99,46.28,33,4.3,E-Wallet,Online
2024-05-24,South,Furniture,Shelf,3,247.43,10,466.51,126.04,31,3.4,E-Wallet,In-Store
2024-05-25,North,Electronics,Smartphone,4,494.86,20,1098.71,368.42,36,4.3,Cash,In-Store
2024-05-25,East,Electronics,Tablet,4,436.88,20,969.99,328.98,65,3.7,E-Wallet,Online
2024-05-25,West,Furniture,Sofa,8,383.0,25,1594.42,476.51,64,3.7,Credit Card,Online
2024-05-26,North,Food,Dairy,5,31.29,15,91.68,37.65,31,4.7,E-Wallet,Online
2024-05-26,North,Electronics,Headphones,8,520.58,0,2871.33,647.37,54,4.2,Credit Card,In-Store
2024-05-26,North,Clothing,Shoes,6,72.54,10,270.08,90.13,38,4.1,Credit Card,Online
2024-05-27,West,Furniture,Table,4,340.1,0,932.09,334.03,64,4.4,Credit Card,In-Store
2024-05-27,West,Electronics,Laptop,8,388.26,0,2128.13,890.25,52,3.0,Credit Card,In-Store
2024-05-28,East,Toys,Action Figure,5,47.31,0,161.08,65.72,41,3.1,Bank Transfer,Online
2024-05-28,West,Clothing,Shoes,5,54.31,20,147.92,32.53,39,3.9,Credit Card,Online
2024-05-28,West,Electronics,Tablet,6,432.77,0,1768.2,593.84,45,3.9,Credit Card,In-Store
2024-05-29,East,Clothing,T-Shirt,4,72.58,10,176.85,47.65,44,4.7,Cash,Online
2024-05-29,Central,Clothing,Shoes,7,64.1,10,273.31,117.49,23,3.6,Credit Card,In-Store
2024-05-29,North,Food,Dairy,10,30.75,0,208.13,60.18,40,3.5,E-Wallet,Online
2024-05-30,North,Clothing,Jacket,4,54.39,10,131.75,28.93,29,5.0,Bank Transfer,Online
2024-05-30,South,Food,Dairy,3,27.6,10,50.13,18.8,31,3.2,Credit Card,In-Store
2024-05-31,North,Furniture,Sofa,3,252.57,20,405.48,123.76,52,5.0,Credit Card,In-Store
2024-05-31,East,Food,Dairy,8,28.04,0,150.04,32.25,40,4.0,Credit Card,Online
2024-05-31,Central,Toys,Doll,6,47.25,0,189.64,51.24,32,3.4,Cash,Online
2024-06-01,North,Electronics,Laptop,9,491.61,10,2648.5,1150.56,22,3.2,Credit Card,In-Store
2024-06-01,North,Furniture,Chair,7,279.93,0,1303.32,463.09,27,3.9,Cash,Online
2024-06-01,East,Furniture,Sofa,5,244.7,0,813.77,348.75,37,4.5,E-Wallet,Online
2024-06-02,Central,Toys,Doll,5,34.39,0,113.72,26.69,59,4.0,Cash,In-Store
2024-06-02,South,Food,Beverages,8,27.78,10,132.28,38.97,24,4.8,Credit Card,In-Store
2024-06-02,East,Electronics,Smartphone,3,570.24,0,1131.47,238.63,41,4.7,Credit Card,In-Store
2024-06-03,North,Food,Bakery,3,22.58,10,40.11,17.85,43,4.7,E-Wallet,Online
2024-06-03,North,Clothing,Jacket,6,70.05,25,207.35,71.38,53,4.9,Cash,Online
2024-06-04,Central,Food,Snacks,7,30.83,15,120.02,50.88,39,3.7,Credit Card,In-Store
2024-06-04,Central,Furniture,Shelf,7,318.13,0,1457.0,527.99,43,4.6,Cash,In-Store
2024-06-04,North,Electronics,Smartphone,4,510.58,5,1269.42,519.86,53,5.0,Cash,In-Store
2024-06-05,Central,Food,Beverages,14,30.19,0,275.07,101.17,27,4.8,Credit Card,Online
2024-06-05,East,Electronics,Smartphone,7,418.65,0,1907.37,467.66,48,3.7,Bank Transfer,Online
2024-06-05,Central,Electronics,Headphones,5,426.8,0,1388.93,569.22,19,3.5,E-Wallet,In-Store
2024-06-06,East,Clothing,Jeans,8,48.02,5,236.32,78.36,38,4.1,E-Wallet,Online
2024-06-06,East,Clothing,Shoes,5,76.89,10,224.06,49.21,34,4.7,E-Wallet,Online
2024-06-06,East,Furniture,Shelf,10,377.63,20,1956.27,391.85,28,4.3,E-Wallet,Online
2024-06-07,West,Toys,Action Figure,5,47.29,20,121.89,47.21,50,3.3,E-Wallet,In-Store
2024-06-07,North,Electronics,Tablet,5,377.79,0,1217.14,263.03,51,4.6,Cash,In-Store
2024-06-08,North,Toys,Action Figure,9,40.95,10,212.7,81.81,51,4.9,Cash,Online
2024-06-08,South,Furniture,Table,5,255.28,0,818.5,283.71,42,3.3,Credit Card,Online
2024-06-08,West,Electronics,Laptop,8,363.58,10,1678.65,386.96,21,4.9,Credit Card,Online
2024-06-09,North,Electronics,Headphones,5,498.64,0,1591.3,403.32,33,4.1,Credit Card,Online
2024-06-09,West,Toys,Board Game,3,51.22,20,78.45,18.49,51,4.6,E-Wallet,Online
2024-06-09,Central,Food,Snacks,6,31.29,20,95.85,23.96,50,4.6,Cash,Online
2024-06-10,North,Clothing,T-Shirt,5,68.9,0,218.89,85.64,53,4.2,E-Wallet,In-Store
2024-06-10,West,Food,Dairy,6,21.21,15,68.72,21.32,42,3.8,E-Wallet,Online
2024-06-10,South,Toys,Action Figure,3,37.48,10,64.3,22.74,35,4.5,Credit Card,In-Store
2024-06-11,Central,Clothing,Jeans,5,57.6,5,173.08,58.0,18,4.1,Credit Card,In-Store
2024-06-11,North,Food,Dairy,4,29.54,10,67.27,27.68,49,4.4,Credit Card,Online
2024-06-12,West,Clothing,Jeans,5,72.07,10,204.29,75.8,36,3.9,Credit Card,Online
2024-06-12,West,Electronics,Laptop,7,446.65,20,1575.59,371.19,21,4.5,Cash,In-Store
2024-06-12,Central,Food,Beverages,10,25.22,15,135.06,30.47,47,4.1,E-Wallet,In-Store
2024-06-13,West,Clothing,Jeans,7,49.34,10,194.99,58.0,56,3.3,Credit Card,Online
2024-06-13,East,Clothing,Shoes,9,56.67,15,272.0,88.52,49,4.5,E-Wallet,Online
2024-06-13,East,Clothing,Shoes,5,61.54,25,144.78,39.35,46,5.0,E-Wallet,In-Store
2024-06-14,Central,Food,Bakery,6,21.46,0,80.47,23.96,50,4.3,Credit Card,Online
2024-06-14,East,Furniture,Table,6,307.99,0,1154.81,235.68,18,3.9,E-Wallet,Online
2024-06-14,North,Food,Dairy,7,30.66,10,120.73,48.59,60,4.4,Credit Card,In-Store
2024-06-15,Central,Toys,Puzzle,4,43.63,25,81.48,27.52,27,3.8,E-Wallet,In-Store
2024-06-15,West,Food,Beverages,3,20.99,0,39.2,8.64,28,4.6,Credit Card,In-Store
2024-06-16,West,Clothing,Jacket,3,53.75,5,95.03,21.03,31,4.8,E-Wallet,Online
2024-06-16,North,Electronics,Smartphone,6,466.77,0,1737.39,566.67,33,4.0,Cash,Online
2024-06-16,West,Food,Snacks,4,24.52,15,51.71,21.53,57,4.2,Bank Transfer,In-Store
2024-06-17,South,Food,Beverages,5,24.48,20,60.55,14.91,45,3.4,Cash,In-Store
2024-06-17,West,Clothing,T-Shirt,11,63.88,5,412.69,125.34,29,4.6,Credit Card,Online
2024-06-17,North,Electronics,Smartphone,5,491.49,5,1443.34,370.52,31,3.9,Cash,In-Store
2024-06-18,West,Electronics,Laptop,7,539.29,20,1861.09,622.29,70,2.1,E-Wallet,Online
2024-06-18,Central,Toys,Action Figure,8,38.82,0,191.38,76.37,42,4.1,E-Wallet,Online
2024-06-18,North,Food,Snacks,8,30.07,20,118.59,52.65,32,4.1,Bank Transfer,Online
2024-06-19,Central,Electronics,Tablet,7,436.19,5,1782.04,552.82,18,3.3,E-Wallet,In-Store
2024-06-19,South,Electronics,Smartphone,4,372.47,10,823.8,337.54,18,4.9,Cash,In-Store
2024-06-20,Central,Furniture,Table,2,323.13,5,376.09,151.65,23,3.8,Credit Card,In-Store
2024-06-20,West,Furniture,Sofa,7,328.19,10,1266.57,431.8,39,3.5,Credit Card,Online
2024-06-20,East,Electronics,Headphones,7,570.27,20,1956.31,664.13,52,5.0,Bank Transfer,In-Store
2024-06-21,West,Toys,Puzzle,6,46.52,25,127.9,48.78,46,4.5,Bank Transfer,Online
2024-06-21,Central,Electronics,Smartphone,6,566.5,15,1765.07,736.07,53,3.3,Credit Card,Online
2024-06-21,South,Clothing,T-Shirt,4,75.25,0,183.89,39.31,45,4.0,E-Wallet,In-Store
2024-06-22,South,Food,Bakery,8,27.56,0,134.34,56.03,22,3.4,E-Wallet,Online
2024-06-22,West,Toys,Board Game,10,42.56,5,246.36,89.26,43,3.0,Cash,Online
2024-06-23,West,Clothing,T-Shirt,3,64.72,20,94.44,35.3,44,3.2,E-Wallet,Online
2024-06-23,West,Toys,Puzzle,11,51.57,5,327.62,76.47,36,4.7,Credit Card,Online
2024-06-23,West,Clothing,Jacket,7,71.2,25,227.24,78.96,34,3.7,E-Wallet,Online
2024-06-24,South,Food,Beverages,7,21.33,25,67.93,28.46,36,3.5,Credit Card,Online
2024-06-24,West,Food,Snacks,5,29.73,10,81.16,36.31,18,3.9,Cash,Online
2024-06-24,North,Furniture,Sofa,6,265.58,20,773.36,208.43,20,5.0,Cash,Online
2024-06-25,East,Clothing,Jeans,6,61.42,25,167.35,45.41,71,4.6,Cash,In-Store
2024-06-25,North,Furniture,Shelf,9,271.57,15,1257.85,434.66,21,4.9,Cash,Online
2024-06-25,South,Clothing,Jacket,2,68.69,10,74.86,31.32,18,3.4,E-Wallet,In-Store
2024-06-26,South,Furniture,Chair,4,371.6,15,763.6,272.68,28,4.6,Cash,In-Store
2024-06-26,South,Food,Bakery,5,23.63,0,71.41,21.6,43,4.0,E-Wallet,In-Store
2024-06-27,West,Toys,Action Figure,5,33.64,10,91.35,25.03,45,3.6,Credit Card,In-Store
2024-06-27,South,Furniture,Table,4,284.77,0,687.36,295.87,24,3.8,Bank Transfer,Online
2024-06-27,South,Clothing,Jacket,12,68.17,0,493.64,153.48,39,3.5,Credit Card,Online
2024-06-28,North,Clothing,Jacket,8,57.86,20,223.15,85.01,30,4.3,Cash,In-Store
2024-06-28,South,Food,Dairy,6,23.48,10,76.39,22.59,40,3.9,Credit Card,In-Store
2024-06-28,North,Clothing,Jeans,5,53.53,0,161.29,46.45,34,3.5,Cash,Online
2024-06-29,North,Electronics,Tablet,6,471.94,5,1619.06,360.0,28,3.9,Credit Card,Online
2024-06-29,East,Toys,Action Figure,7,37.52,25,118.55,41.19,29,5.0,Bank Transfer,In-Store
2024-06-29,West,Furniture,Chair,5,349.65,20,841.77,265.67,18,3.3,Credit Card,In-Store
2024-06-30,East,Toys,Action Figure,9,33.53,0,181.46,69.49,35,3.6,Credit Card,In-Store
2024-06-30,East,Food,Snacks,7,28.3,25,89.33,33.8,37,4.6,E-Wallet,Online
2024-07-01,South,Furniture,Shelf,8,275.63,5,1258.51,551.85,19,3.6,Credit Card,Online
2024-07-01,Central,Furniture,Sofa,6,313.39,10,1016.7,384.8,33,5.0,E-Wallet,Online
2024-07-01,East,Electronics,Headphones,6,424.37,10,1376.73,597.56,34,5.0,E-Wallet,Online
2024-07-02,East,Food,Beverages,6,29.03,20,83.68,17.49,18,5.0,E-Wallet,In-Store
2024-07-02,North,Clothing,Jacket,2,76.36,20,73.35,21.56,27,4.7,Credit Card,Online
2024-07-02,South,Electronics,Tablet,6,566.34,0,2040.21,829.78,27,4.8,Credit Card,Online
2024-07-03,South,Electronics,Headphones,6,491.27,10,1592.13,669.98,40,4.1,Credit Card,Online
2024-07-03,South,Toys,Action Figure,5,41.25,5,117.6,42.04,54,3.5,Credit Card,In-Store
2024-07-03,East,Toys,Doll,9,48.37,5,248.18,92.59,38,3.6,Credit Card,Online
2024-07-04,East,Toys,Puzzle,5,45.67,10,123.3,46.88,53,2.9,E-Wallet,In-Store
2024-07-04,East,Electronics,Smartphone,6,401.3,5,1372.5,456.98,35,3.8,Cash,In-Store
2024-07-05,West,Clothing,T-Shirt,9,72.63,5,372.58,82.63,42,3.8,Credit Card,Online
2024-07-05,West,Furniture,Shelf,5,304.33,0,913.01,281.2,38,3.9,Credit Card,Online
2024-07-05,West,Toys,Action Figure,10,35.78,10,193.21,61.77,69,5.0,Cash,In-Store
2024-07-06,Central,Clothing,Jeans,9,56.45,15,259.17,64.37,36,3.6,Credit Card,In-Store
2024-07-06,North,Food,Bakery,6,23.34,5,79.85,35.85,48,3.8,E-Wallet,Online
2024-07-06,North,Toys,Board Game,6,42.38,25,114.46,45.86,40,5.0,Credit Card,Online
2024-07-07,North,Furniture,Table,7,275.16,0,1156.3,376.9,52,3.4,E-Wallet,In-Store
2024-07-07,East,Food,Beverages,10,21.54,10,116.41,31.86,46,3.3,E-Wallet,Online
2024-07-07,Central,Food,Snacks,6,21.55,10,69.85,22.96,42,3.9,Bank Transfer,Online
2024-07-08,North,Furniture,Sofa,7,327.49,0,1377.02,563.3,23,3.4,Credit Card,In-Store
2024-07-08,Central,Toys,Puzzle,8,46.7,0,224.39,48.81,24,4.9,Credit Card,Online
2024-07-09,North,Electronics,Laptop,9,432.34,20,1871.28,688.32,29,4.3,Cash,In-Store
2024-07-09,Central,Furniture,Sofa,8,245.2,5,1120.23,283.36,34,3.2,Bank Transfer,Online
2024-07-09,South,Furniture,Sofa,4,259.08,5,591.83,134.43,39,4.3,E-Wallet,Online
2024-07-10,North,Furniture,Shelf,5,377.2,5,1078.11,391.77,30,4.3,E-Wallet,In-Store
2024-07-10,East,Food,Dairy,3,26.17,20,37.79,9.02,18,3.1,Credit Card,Online
2024-07-10,South,Clothing,Jeans,6,61.61,5,211.3,57.54,51,4.4,Credit Card,In-Store
2024-07-11,South,Electronics,Headphones,6,368.56,20,1065.73,238.65,43,4.6,Credit Card,Online
2024-07-11,South,Toys,Doll,4,46.57,0,112.22,43.45,38,2.9,Cash,Online
2024-07-11,West,Toys,Doll,4,42.56,5,97.43,21.16,54,3.0,Credit Card,Online
2024-07-12,East,Clothing,Shoes,7,54.06,0,228.28,99.0,27,3.7,Credit Card,In-Store
2024-07-12,South,Furniture,Sofa,8,256.51,15,1052.2,264.71,36,3.7,E-Wallet,Online
2024-07-13,East,Electronics,Headphones,5,446.26,10,1213.27,413.83,40,4.6,Bank Transfer,Online
2024-07-13,West,Toys,Puzzle,8,48.74,5,223.81,90.76,32,3.8,E-Wallet,Online
2024-07-13,South,Toys,Puzzle,6,49.31,0,178.73,76.88,27,3.9,E-Wallet,In-Store
2024-07-14,South,Furniture,Table,3,330.43,5,569.94,200.97,49,3.2,Bank Transfer,Online
2024-07-14,North,Clothing,T-Shirt,6,69.83,0,253.56,89.42,41,4.8,Credit Card,In-Store
2024-07-14,North,Electronics,Smartphone,4,385.91,5,887.52,348.36,46,3.4,Credit Card,In-Store
2024-07-15,West,Clothing,Shoes,5,65.64,20,159.22,63.07,27,3.4,E-Wallet,Online
2024-07-15,North,Clothing,T-Shirt,5,68.01,15,175.27,61.36,48,4.1,Cash,Online
2024-07-16,East,Electronics,Headphones,4,405.16,0,984.8,342.19,29,4.9,Cash,In-Store
2024-07-16,West,Electronics,Laptop,4,558.03,25,1017.29,345.28,41,4.6,Credit Card,Online
2024-07-16,North,Toys,Action Figure,8,35.9,20,139.62,32.5,63,3.6,Cash,In-Store
2024-07-17,East,Toys,Puzzle,3,38.27,5,66.43,19.74,49,3.7,Cash,Online
2024-07-17,South,Electronics,Tablet,2,499.63,5,578.17,257.22,42,2.9,Credit Card,Online
2024-07-17,Central,Food,Dairy,5,27.98,20,68.16,21.83,55,5.0,Cash,In-Store
2024-07-18,East,Toys,Action Figure,4,45.99,10,101.08,26.22,30,5.0,Credit Card,Online
2024-07-18,West,Food,Dairy,6,21.4,5,74.48,32.46,44,4.2,Bank Transfer,Online
2024-07-18,East,Electronics,Headphones,5,551.13,10,1514.28,521.44,27,4.1,Bank Transfer,In-Store
2024-07-19,North,Toys,Action Figure,6,42.66,0,156.69,52.84,33,3.1,E-Wallet,In-Store
2024-07-19,East,Clothing,Jacket,5,62.14,20,152.17,32.18,58,4.1,Bank Transfer,Online
2024-07-20,Central,Electronics,Headphones,8,580.75,5,2709.78,897.15,41,4.7,Credit Card,In-Store
2024-07-20,East,Furniture,Chair,5,351.06,10,969.89,254.62,56,4.7,E-Wallet,In-Store
2024-07-20,West,Food,Dairy,11,21.48,0,145.03,54.28,36,3.6,Cash,In-Store
2024-07-21,Central,Electronics,Headphones,5,530.22,0,1632.58,416.59,53,4.6,E-Wallet,In-Store
2024-07-21,North,Electronics,Headphones,8,381.43,5,1785.16,659.32,38,5.0,Credit Card,In-Store
2024-07-21,North,Toys,Board Game,4,32.55,5,76.17,26.09,39,4.0,E-Wallet,In-Store
2024-07-22,East,Toys,Action Figure,5,40.07,15,105.21,34.73,38,5.0,Credit Card,Online
2024-07-22,South,Toys,Doll,6,51.87,0,192.27,41.99,42,5.0,Credit Card,In-Store
2024-07-22,West,Furniture,Chair,8,266.23,0,1315.79,574.52,34,5.0,E-Wallet,Online
2024-07-23,Central,Toys,Board Game,3,45.45,10,76.07,30.49,19,3.6,E-Wallet,Online
2024-07-23,South,Electronics,Headphones,4,399.01,10,890.41,243.59,37,4.5,Cash,In-Store
2024-07-24,North,Toys,Action Figure,9,46.5,0,260.31,79.55,39,4.6,E-Wallet,Online
2024-07-24,West,Clothing,Shoes,3,63.16,0,117.87,45.63,59,4.0,Credit Card,In-Store
2024-07-24,South,Toys,Board Game,11,45.6,20,249.62,94.28,18,5.0,E-Wallet,In-Store
2024-07-25,West,Furniture,Table,4,270.43,0,675.41,241.91,59,4.0,Credit Card,Online
2024-07-25,South,Clothing,T-Shirt,9,70.37,20,316.35,106.74,51,4.1,E-Wallet,Online
2024-07-25,West,Electronics,Laptop,5,584.01,5,1732.08,425.21,46,2.9,Cash,Online
2024-07-26,North,Electronics,Headphones,11,509.77,10,3163.32,1412.57,40,2.7,Bank Transfer,In-Store
2024-07-26,East,Food,Dairy,5,26.17,0,82.01,18.49,24,3.7,Cash,In-Store
2024-07-26,East,Clothing,Shoes,9,75.7,15,362.96,125.85,63,1.8,Cash,Online
2024-07-27,East,Food,Bakery,5,20.2,0,63.56,24.94,54,5.0,Cash,In-Store
2024-07-27,North,Clothing,Jacket,6,69.9,5,250.74,80.96,41,4.7,Credit Card,Online
2024-07-28,West,Clothing,Jeans,7,74.66,0,330.3,94.16,41,4.6,Credit Card,Online
2024-07-28,Central,Furniture,Shelf,6,249.25,15,803.36,352.52,36,5.0,E-Wallet,Online
2024-07-28,North,Food,Dairy,6,25.63,20,77.74,21.07,45,4.0,Credit Card,Online
2024-07-29,North,Furniture,Shelf,3,270.71,5,489.71,127.23,37,4.3,Cash,In-Store
2024-07-29,North,Clothing,Jacket,7,65.0,0,288.78,117.96,42,3.7,Credit Card,Online
2024-07-29,East,Electronics,Laptop,6,506.15,15,1638.47,668.54,43,5.0,Credit Card,In-Store
2024-07-30,East,Clothing,Jacket,6,57.08,20,174.69,69.71,69,2.1,Cash,In-Store
2024-07-30,East,Furniture,Chair,4,309.0,10,709.25,177.91,26,5.0,E-Wallet,Online
2024-07-30,North,Food,Bakery,6,23.49,20,71.9,27.46,40,2.7,Cash,In-Store
2024-07-31,South,Food,Dairy,8,24.62,5,119.84,30.08,53,3.8,Credit Card,Online
2024-07-31,East,Furniture,Shelf,5,263.93,0,845.32,266.17,48,3.2,Credit Card,In-Store
2024-08-01,East,Food,Snacks,5,31.07,0,99.99,25.82,46,3.9,E-Wallet,Online
2024-08-01,Central,Toys,Board Game,8,32.2,10,149.22,46.49,75,3.6,E-Wallet,Online
2024-08-01,North,Electronics,Tablet,6,558.54,5,2049.14,750.1,52,3.7,Bank Transfer,Online
2024-08-02,West,Electronics,Laptop,6,488.63,0,1896.31,421.59,29,4.4,Credit Card,In-Store
2024-08-02,South,Electronics,Tablet,4,434.62,0,1124.48,304.93,28,4.2,Bank Transfer,In-Store
2024-08-02,South,Food,Beverages,8,29.04,5,142.75,46.96,37,4.9,E-Wallet,In-Store
2024-08-03,West,Food,Snacks,10,26.35,0,171.28,49.78,32,4.3,E-Wallet,Online
2024-08-03,West,Clothing,T-Shirt,9,62.97,0,368.45,109.08,39,2.7,Credit Card,In-Store
2024-08-04,Central,Clothing,T-Shirt,8,51.3,20,214.57,77.35,42,5.0,E-Wallet,Online
2024-08-04,North,Electronics,Headphones,6,447.64,0,1755.17,603.88,41,2.4,Cash,In-Store
2024-08-04,North,Toys,Board Game,8,36.82,0,192.5,71.31,18,4.3,Cash,Online
2024-08-05,West,Clothing,Jacket,4,48.47,10,114.64,22.94,28,4.7,Cash,Online
2024-08-05,East,Clothing,Jeans,8,58.8,20,247.25,75.41,47,4.4,E-Wallet,In-Store
2024-08-05,South,Food,Beverages,14,21.12,10,174.85,74.66,59,3.9,Bank Transfer,In-Store
2024-08-06,North,Toys,Puzzle,7,37.14,0,171.72,54.99,32,5.0,E-Wallet,In-Store
2024-08-06,North,Electronics,Smartphone,6,380.82,20,1207.47,528.28,32,5.0,E-Wallet,Online
2024-08-06,Central,Clothing,Shoes,4,51.03,5,128.09,48.4,36,4.1,E-Wallet,In-Store
2024-08-07,North,Toys,Puzzle,9,35.98,5,204.35,69.17,60,3.6,E-Wallet,Online
2024-08-07,South,Toys,Puzzle,3,52.0,10,93.26,29.51,38,3.4,Credit Card,Online
2024-08-08,North,Electronics,Tablet,8,360.49,10,1733.97,357.12,18,3.5,Credit Card,In-Store
2024-08-08,South,Toys,Puzzle,4,44.77,10,107.68,22.01,61,4.1,E-Wallet,Online
2024-08-08,North,Toys,Action Figure,7,34.82,20,130.28,55.43,46,2.9,Credit Card,In-Store
2024-08-09,East,Toys,Board Game,3,50.41,10,91.46,28.85,21,4.1,E-Wallet,Online
2024-08-09,North,Clothing,Shoes,7,50.81,20,191.19,46.98,31,4.8,E-Wallet,In-Store
2024-08-09,West,Electronics,Smartphone,2,574.89,10,695.33,271.58,27,3.6,Cash,In-Store
2024-08-10,North,Toys,Doll,8,44.22,0,239.11,62.73,35,4.0,Bank Transfer,Online
2024-08-10,East,Toys,Doll,4,32.03,5,82.26,18.95,57,4.2,Cash,Online
2024-08-10,Central,Clothing,T-Shirt,7,74.82,0,354.02,100.67,18,4.4,Credit Card,In-Store
2024-08-11,West,Electronics,Laptop,1,477.39,0,324.63,119.49,33,3.8,Credit Card,In-Store
2024-08-11,East,Food,Beverages,6,23.28,15,80.75,17.7,39,5.0,Bank Transfer,Online
2024-08-12,South,Clothing,Shoes,6,71.02,10,262.39,60.12,37,4.1,Bank Transfer,In-Store
2024-08-12,South,Electronics,Laptop,6,568.5,0,2333.81,632.56,27,2.9,Cash,Online
2024-08-12,West,Toys,Puzzle,6,41.67,5,162.53,58.36,53,3.7,Credit Card,In-Store
2024-08-13,Central,Electronics,Tablet,6,431.0,0,1780.39,448.7,35,5.0,Credit Card,In-Store
2024-08-13,West,Electronics,Smartphone,3,537.51,20,888.15,329.48,34,5.0,Cash,Online
2024-08-13,East,Electronics,Smartphone,7,513.4,0,2474.25,956.94,42,2.6,Cash,In-Store
2024-08-14,West,Food,Bakery,6,31.11,10,116.39,37.39,34,3.9,E-Wallet,Online
2024-08-14,East,Electronics,Smartphone,8,515.82,10,2573.12,516.47,30,3.7,E-Wallet,Online
2024-08-14,North,Food,Snacks,5,23.04,5,75.84,18.88,25,4.7,E-Wallet,In-Store
2024-08-15,East,Toys,Doll,10,50.63,0,353.06,94.46,66,3.0,Credit Card,Online
2024-08-15,Central,Food,Snacks,5,21.31,5,70.58,23.79,48,5.0,Credit Card,Online
2024-08-16,North,Toys,Board Game,3,37.36,15,66.86,24.87,33,3.0,E-Wallet,In-Store
2024-08-16,West,Toys,Board Game,6,42.4,15,151.78,35.82,54,4.0,E-Wallet,In-Store
2024-08-16,North,Food,Beverages,6,27.07,10,102.6,31.61,44,3.1,Credit Card,Online
2024-08-17,East,Clothing,Jacket,7,48.46,10,215.68,53.21,38,4.6,Credit Card,Online
2024-08-17,North,Furniture,Chair,6,357.09,0,1513.63,496.56,24,2.4,E-Wallet,Online
2024-08-17,East,Electronics,Headphones,3,441.36,0,935.43,244.63,27,3.9,Credit Card,Online
2024-08-18,West,Furniture,Chair,9,300.96,20,1541.11,359.18,50,4.0,E-Wallet,In-Store
2024-08-18,South,Electronics,Smartphone,5,542.11,15,1638.57,577.03,47,3.4,Cash,Online
2024-08-18,West,Electronics,Smartphone,7,445.34,10,1995.36,891.14,20,5.0,Credit Card,In-Store
2024-08-19,West,Toys,Puzzle,7,32.94,10,148.61,57.4,32,5.0,E-Wallet,Online
2024-08-19,Central,Electronics,Headphones,6,399.7,5,1631.26,360.95,46,3.7,Credit Card,Online
2024-08-20,North,Electronics,Smartphone,7,575.08,0,2901.99,807.09,52,4.1,Credit Card,Online
2024-08-20,South,Food,Bakery,5,20.88,10,67.74,18.0,44,3.6,Credit Card,In-Store
2024-08-20,North,Furniture,Table,10,293.24,20,1691.16,623.49,32,3.2,E-Wallet,Online
2024-08-21,Central,Food,Dairy,5,26.29,5,90.64,24.9,41,3.1,E-Wallet,In-Store
2024-08-21,Central,Electronics,Tablet,7,470.99,0,2393.12,690.25,35,3.1,Credit Card,Online
2024-08-21,East,Toys,Board Game,8,32.08,0,186.28,75.52,42,5.0,E-Wallet,Online
2024-08-22,West,Food,Snacks,5,26.26,0,95.99,19.95,57,4.3,Credit Card,Online
2024-08-22,East,Food,Bakery,2,24.8,5,34.44,12.45,27,3.3,Cash,Online
2024-08-22,East,Clothing,Jacket,5,77.16,25,211.5,77.76,41,3.5,Cash,In-Store
2024-08-23,North,Electronics,Tablet,5,395.81,15,1238.19,442.91,36,3.4,E-Wallet,In-Store
2024-08-23,West,Toys,Board Game,7,39.08,20,161.1,68.8,34,2.7,Credit Card,Online
2024-08-24,North,Food,Bakery,5,25.24,10,84.21,24.74,36,4.5,Credit Card,In-Store
2024-08-24,West,Food,Dairy,2,24.88,5,35.05,13.68,55,3.9,Cash,In-Store
2024-08-24,West,Toys,Puzzle,4,45.32,25,100.78,25.11,45,5.0,Credit Card,In-Store
2024-08-25,West,Electronics,Tablet,13,408.49,5,3766.28,1323.7,31,2.4,E-Wallet,Online
2024-08-25,North,Clothing,Shoes,2,54.63,20,65.26,21.88,46,4.9,Credit Card,Online
2024-08-25,South,Food,Bakery,4,29.12,15,73.9,21.31,30,4.9,Cash,Online
2024-08-26,South,Clothing,Shoes,6,63.01,0,284.27,73.78,18,4.9,Cash,Online
2024-08-26,South,Furniture,Chair,5,302.27,5,1079.61,423.45,18,4.3,Cash,In-Store
2024-08-27,North,Electronics,Tablet,7,398.07,5,2004.86,417.87,44,4.7,E-Wallet,In-Store
2024-08-27,Central,Furniture,Table,6,268.13,0,1218.42,358.73,34,4.2,Cash,Online
2024-08-27,East,Furniture,Chair,4,241.58,5,695.27,311.89,50,3.4,Credit Card,In-Store
2024-08-28,South,Furniture,Table,9,253.71,20,1393.57,482.31,43,3.9,E-Wallet,In-Store
2024-08-28,South,Electronics,Tablet,6,485.29,15,1888.08,643.45,41,3.8,Credit Card,In-Store
2024-08-28,South,Electronics,Headphones,8,560.67,0,3421.76,847.6,32,4.9,E-Wallet,In-Store
2024-08-29,East,Toys,Action Figure,4,37.74,5,110.21,41.19,44,5.0,E-Wallet,In-Store
2024-08-29,East,Clothing,Shoes,11,57.83,10,439.97,161.55,58,4.8,Credit Card,Online
2024-08-29,Central,Clothing,Jeans,10,51.47,5,375.73,162.46,18,4.1,Cash,In-Store
2024-08-30,East,Toys,Doll,8,39.77,5,233.99,88.71,36,2.5,Credit Card,Online
2024-08-30,Central,Toys,Doll,5,32.74,10,114.06,30.88,55,4.8,E-Wallet,Online
2024-08-31,Central,Furniture,Shelf,3,377.64,5,839.29,244.5,23,4.7,E-Wallet,Online
2024-08-31,North,Toys,Board Game,6,45.46,0,212.71,91.39,39,4.2,Credit Card,In-Store
2024-08-31,Central,Food,Beverages,7,32.38,5,167.94,70.76,29,4.5,Credit Card,Online
2024-09-01,North,Clothing,T-Shirt,8,74.48,5,444.71,158.21,34,3.5,E-Wallet,In-Store
2024-09-01,West,Toys,Puzzle,7,41.46,0,227.99,60.2,18,3.7,Credit Card,Online
2024-09-01,South,Food,Snacks,9,26.5,0,187.34,45.29,50,3.3,Credit Card,Online
2024-09-02,Central,Food,Snacks,4,22.38,5,67.31,30.05,39,3.9,Cash,Online
2024-09-02,Central,Food,Bakery,5,25.78,20,81.6,30.01,19,4.9,E-Wallet,Online
2024-09-02,West,Food,Beverages,4,31.29,10,89.14,30.66,43,4.5,Credit Card,Online
2024-09-03,West,Furniture,Table,8,247.63,10,1421.61,315.9,40,3.3,Credit Card,Online
2024-09-03,South,Food,Dairy,7,30.79,5,163.28,53.01,29,5.0,E-Wallet,Online
2024-09-04,North,Furniture,Table,8,291.14,0,1871.03,715.81,63,4.0,Credit Card,In-Store
2024-09-04,South,Furniture,Table,6,374.93,0,1807.1,636.98,44,3.5,Cash,In-Store
2024-09-04,North,Food,Beverages,5,31.76,15,108.43,36.96,54,3.9,E-Wallet,In-Store
2024-09-05,West,Clothing,Jacket,6,68.13,5,314.28,88.78,35,3.7,Credit Card,Online
2024-09-05,South,Food,Snacks,6,28.31,10,123.71,54.4,18,4.3,E-Wallet,Online
2024-09-05,Central,Food,Beverages,4,25.66,0,83.07,29.29,18,2.9,Cash,In-Store
2024-09-06,East,Food,Dairy,5,30.44,20,99.3,28.63,24,4.4,Cash,In-Store
2024-09-06,West,Clothing,Jacket,7,76.85,20,350.92,133.06,55,4.9,Cash,Online
2024-09-06,North,Electronics,Tablet,11,534.39,0,4793.3,1447.87,31,4.5,E-Wallet,Online
2024-09-07,Central,Electronics,Headphones,6,499.94,10,2217.91,799.96,51,4.3,E-Wallet,In-Store
2024-09-07,Central,Furniture,Chair,3,331.02,0,815.85,212.38,22,4.5,Credit Card,Online
2024-09-08,East,Furniture,Table,8,367.42,10,2189.73,952.21,29,4.4,Credit Card,Online
2024-09-08,East,Clothing,Jacket,4,64.24,0,212.68,46.9,31,4.8,Credit Card,Online
2024-09-08,West,Toys,Puzzle,4,48.08,0,159.18,64.8,40,3.8,Bank Transfer,In-Store
2024-09-09,North,Electronics,Headphones,7,474.5,0,2770.07,1136.73,20,3.3,Bank Transfer,In-Store
2024-09-09,East,Furniture,Sofa,7,249.37,20,1164.62,279.32,27,4.5,Credit Card,Online
2024-09-09,South,Electronics,Headphones,7,446.39,15,2215.06,515.4,34,5.0,Cash,Online
2024-09-10,North,Clothing,Jacket,4,61.33,0,206.15,87.97,20,3.7,Credit Card,Online
2024-09-10,South,Clothing,Jacket,8,52.25,10,316.1,70.43,18,5.0,Bank Transfer,Online
2024-09-10,North,Toys,Puzzle,12,34.05,0,343.33,131.04,38,4.3,Credit Card,Online
2024-09-11,North,Toys,Action Figure,10,42.71,0,361.58,106.79,20,4.7,Cash,Online
2024-09-11,North,Clothing,Jeans,7,50.55,20,239.68,103.75,53,3.3,Credit Card,Online
2024-09-12,Central,Furniture,Table,4,285.44,0,973.92,345.58,54,4.6,Credit Card,In-Store
2024-09-12,East,Electronics,Smartphone,4,527.53,10,1619.93,546.43,30,4.5,Credit Card,In-Store
2024-09-12,Central,Food,Snacks,5,32.06,5,129.88,38.97,45,5.0,Cash,In-Store
2024-09-13,South,Toys,Doll,9,46.36,0,358.56,114.27,38,4.4,Cash,Online
2024-09-13,South,Food,Bakery,5,32.41,5,132.3,44.27,51,4.5,Credit Card,In-Store
2024-09-13,East,Furniture,Chair,6,344.75,20,1422.16,298.78,32,3.5,Credit Card,In-Store
2024-09-14,South,Toys,Puzzle,11,37.88,15,306.64,123.81,44,4.4,Cash,Online
2024-09-14,North,Food,Dairy,8,28.4,0,196.73,80.76,42,4.9,E-Wallet,Online
2024-09-15,East,Furniture,Sofa,6,345.32,15,1536.41,417.36,41,3.8,E-Wallet,In-Store
2024-09-15,North,Electronics,Headphones,6,443.64,20,1857.72,801.35,29,3.6,E-Wallet,In-Store
2024-09-15,East,Furniture,Table,4,242.66,0,846.76,278.82,53,5.0,Credit Card,In-Store
2024-09-16,West,Toys,Board Game,7,46.06,0,283.41,93.24,32,3.8,E-Wallet,In-Store
2024-09-16,North,Clothing,Shoes,5,48.65,0,213.8,79.64,32,4.7,Cash,Online
2024-09-16,North,Electronics,Smartphone,5,502.02,0,2206.2,479.6,28,3.6,Credit Card,Online
2024-09-17,West,Food,Dairy,2,22.05,10,35.14,13.33,29,3.7,Cash,Online
2024-09-17,East,Toys,Action Figure,9,43.31,0,345.18,130.44,34,3.9,Credit Card,In-Store
2024-09-17,North,Clothing,Shoes,1,63.12,0,55.89,21.88,43,4.5,Credit Card,In-Store
2024-09-18,Central,Furniture,Sofa,5,242.03,0,1079.59,446.47,48,4.9,Credit Card,Online
2024-09-18,North,Clothing,Shoes,8,58.89,5,399.26,143.33,39,3.6,Credit Card,In-Store
2024-09-19,West,Toys,Doll,8,44.02,10,284.87,79.7,56,5.0,Credit Card,Online
2024-09-19,Central,Toys,Doll,8,48.97,10,316.91,83.81,39,4.2,E-Wallet,Online
2024-09-19,North,Clothing,Jacket,3,74.66,0,201.31,49.65,18,3.9,Cash,In-Store
2024-09-20,North,Furniture,Chair,8,312.58,5,2150.98,861.71,22,4.5,E-Wallet,In-Store
2024-09-20,North,Clothing,Jacket,4,69.85,0,252.99,111.59,47,5.0,Credit Card,Online
2024-09-20,South,Toys,Doll,7,38.33,20,194.35,40.1,33,4.6,Credit Card,Online
2024-09-21,North,Toys,Board Game,5,38.84,5,168.3,75.13,32,3.5,Bank Transfer,Online
2024-09-21,West,Food,Bakery,3,22.43,0,61.38,12.88,25,4.1,Cash,Online
2024-09-21,North,Food,Snacks,3,27.02,0,73.95,17.96,32,4.4,E-Wallet,Online
2024-09-22,East,Electronics,Smartphone,4,430.78,0,1583.34,351.47,32,3.5,Cash,Online
2024-09-22,Central,Toys,Puzzle,2,33.69,0,61.91,21.87,44,4.2,Cash,In-Store
2024-09-23,West,Food,Snacks,9,28.56,10,214.15,85.81,34,3.5,Credit Card,In-Store
2024-09-23,East,Clothing,Jeans,6,69.23,15,326.83,97.52,54,4.6,E-Wallet,In-Store
2024-09-23,South,Furniture,Sofa,6,294.0,0,1632.82,432.19,29,5.0,Credit Card,In-Store
2024-09-24,East,Clothing,Jeans,7,50.3,10,295.48,123.3,40,4.0,Credit Card,In-Store
2024-09-24,East,Furniture,Sofa,2,303.94,10,510.12,127.83,18,4.7,E-Wallet,In-Store
2024-09-24,South,Food,Dairy,5,25.53,5,113.07,44.98,46,4.8,Cash,Online
2024-09-25,North,Electronics,Tablet,2,510.45,0,958.84,313.62,19,3.7,E-Wallet,Online
2024-09-25,Central,Clothing,Shoes,2,57.46,0,107.94,25.46,45,4.3,Credit Card,Online
2024-09-25,South,Clothing,Jeans,6,68.48,20,308.71,123.99,18,5.0,E-Wallet,In-Store
2024-09-26,North,Clothing,T-Shirt,2,74.14,15,119.24,46.45,24,5.0,Cash,In-Store
2024-09-26,South,Furniture,Table,5,275.62,0,1303.73,566.22,48,3.8,Credit Card,In-Store
2024-09-27,South,Food,Dairy,8,32.24,0,245.73,101.57,58,3.1,E-Wallet,Online
2024-09-27,West,Clothing,Shoes,5,59.59,15,241.32,99.75,18,4.7,Cash,In-Store
2024-09-27,West,Clothing,Jeans,5,56.02,5,253.54,101.2,23,4.3,Cash,Online
2024-09-28,West,Electronics,Smartphone,5,454.84,15,1855.17,702.09,61,4.1,Bank Transfer,In-Store
2024-09-28,North,Electronics,Tablet,2,381.24,0,731.75,180.2,39,3.6,Cash,In-Store
2024-09-28,South,Food,Bakery,7,21.57,25,108.69,24.03,24,5.0,E-Wallet,In-Store
2024-09-29,East,Food,Bakery,4,25.18,15,82.75,28.83,57,3.6,E-Wallet,Online
2024-09-29,North,Toys,Board Game,5,47.25,0,228.34,95.44,45,3.5,E-Wallet,Online
2024-09-29,South,Electronics,Tablet,6,562.57,10,2936.28,1157.03,39,4.0,E-Wallet,Online
2024-09-30,West,Toys,Puzzle,9,45.3,0,396.83,105.54,18,4.7,Credit Card,Online
2024-09-30,North,Furniture,Table,4,255.78,5,946.14,265.53,65,2.9,E-Wallet,Online
2024-10-01,East,Toys,Doll,5,45.44,10,200.45,41.73,41,3.3,Credit Card,In-Store
2024-10-01,North,Clothing,Shoes,3,67.06,0,197.22,88.04,33,3.3,E-Wallet,Online
2024-10-01,North,Toys,Board Game,4,48.12,10,169.8,44.54,57,5.0,Cash,Online
2024-10-02,North,Food,Dairy,3,30.32,0,89.78,29.05,26,4.2,E-Wallet,Online
2024-10-02,Central,Furniture,Table,7,370.23,10,2302.54,516.52,23,3.3,E-Wallet,Online
2024-10-02,West,Clothing,T-Shirt,6,60.42,5,340.0,104.03,25,4.0,Cash,In-Store
2024-10-03,Central,Toys,Action Figure,3,45.96,15,116.49,39.41,33,4.8,Cash,Online
2024-10-03,East,Furniture,Shelf,1,280.24,0,278.57,78.99,38,5.0,E-Wallet,In-Store
2024-10-03,North,Furniture,Chair,5,389.9,5,1841.03,444.83,46,2.8,Credit Card,Online
2024-10-04,East,Clothing,T-Shirt,5,53.26,5,253.22,96.07,21,3.2,Credit Card,In-Store
2024-10-04,East,Toys,Puzzle,9,32.2,5,275.59,116.61,41,3.7,Cash,Online
2024-10-05,West,Furniture,Chair,5,262.32,5,1255.78,429.16,30,3.9,Cash,In-Store
2024-10-05,North,Furniture,Table,4,356.38,5,1364.85,540.99,36,3.8,Credit Card,Online
2024-10-05,East,Electronics,Headphones,7,460.53,25,2436.7,834.85,53,4.1,Credit Card,In-Store
2024-10-06,North,Furniture,Sofa,5,307.13,0,1558.22,315.13,44,5.0,Credit Card,In-Store
2024-10-06,South,Electronics,Tablet,8,574.88,15,3966.7,1215.67,45,3.1,Credit Card,Online
2024-10-06,West,Toys,Board Game,6,50.39,10,276.12,76.38,29,4.2,Credit Card,Online
2024-10-07,East,Toys,Board Game,6,38.22,5,222.58,62.44,63,4.4,Credit Card,In-Store
2024-10-07,South,Toys,Board Game,6,36.18,10,199.6,48.87,46,2.9,Credit Card,Online
2024-10-08,South,Food,Dairy,5,30.61,20,125.91,26.94,32,5.0,Cash,In-Store
2024-10-08,East,Toys,Doll,7,50.12,5,342.79,97.8,52,3.9,Credit Card,In-Store
2024-10-08,West,Furniture,Table,3,321.24,20,792.92,262.44,45,3.3,Bank Transfer,Online
2024-10-09,Central,Clothing,T-Shirt,6,66.88,0,415.47,153.95,21,5.0,Cash,Online
2024-10-09,Central,Electronics,Headphones,5,417.81,10,1946.55,700.62,40,4.6,Credit Card,In-Store
2024-10-09,West,Food,Beverages,10,30.01,0,310.7,113.84,25,3.6,Credit Card,In-Store
2024-10-10,South,Toys,Board Game,3,44.64,5,132.6,48.91,18,4.7,E-Wallet,Online
2024-10-10,West,Toys,Board Game,8,42.07,10,315.68,87.24,32,4.4,Credit Card,In-Store
2024-10-10,South,Clothing,T-Shirt,5,49.8,5,246.54,74.72,52,2.8,Bank Transfer,Online
2024-10-11,South,Clothing,T-Shirt,5,75.48,5,376.1,150.25,57,2.8,Cash,In-Store
2024-10-11,West,Food,Snacks,8,27.69,0,232.41,48.25,31,4.3,Cash,Online
2024-10-12,North,Electronics,Headphones,7,403.36,10,2683.06,920.47,34,2.7,Bank Transfer,Online
2024-10-12,Central,Toys,Board Game,6,44.13,5,265.58,81.92,56,4.8,Cash,Online
2024-10-12,East,Food,Dairy,5,28.47,0,150.29,41.23,46,2.9,Bank Transfer,Online
2024-10-13,East,Furniture,Chair,3,318.87,0,1016.53,301.48,44,4.7,Bank Transfer,Online
2024-10-13,West,Furniture,Shelf,5,347.72,15,1570.38,584.56,39,5.0,Bank Transfer,In-Store
2024-10-13,Central,Food,Beverages,5,27.27,15,123.15,30.86,47,4.5,E-Wallet,In-Store
2024-10-14,East,Toys,Doll,4,50.96,0,217.98,92.09,37,1.0,Credit Card,In-Store
2024-10-14,East,Food,Dairy,6,20.67,0,132.64,40.82,57,4.9,Credit Card,Online
2024-10-14,North,Toys,Board Game,4,34.12,0,145.98,55.72,36,3.7,Credit Card,In-Store
2024-10-15,East,Clothing,Shoes,4,53.21,20,183.25,54.25,36,4.2,Bank Transfer,In-Store
2024-10-15,North,Food,Dairy,4,28.63,15,104.75,41.43,18,3.6,Credit Card,Online
2024-10-16,West,Toys,Action Figure,6,44.91,0,291.83,74.99,51,5.0,Credit Card,Online
2024-10-16,East,Food,Dairy,6,31.15,15,172.05,67.64,25,4.3,E-Wallet,Online
2024-10-16,West,Food,Beverages,5,29.16,0,157.9,35.91,18,3.7,Credit Card,Online
2024-10-17,North,Toys,Doll,5,42.17,0,229.75,53.9,35,5.0,E-Wallet,Online
2024-10-17,North,Toys,Doll,7,51.84,20,316.32,113.69,33,4.9,Bank Transfer,In-Store
2024-10-17,West,Electronics,Headphones,11,419.87,20,4026.29,1423.47,43,3.3,Cash,In-Store
2024-10-18,North,Food,Beverages,9,30.41,15,255.1,70.06,46,4.4,E-Wallet,Online
2024-10-18,North,Furniture,Sofa,2,304.02,5,633.31,270.68,27,4.3,E-Wallet,In-Store
2024-10-18,North,Food,Snacks,8,28.11,0,246.55,105.96,73,2.7,E-Wallet,Online
2024-10-19,Central,Food,Snacks,5,29.09,20,128.36,53.39,35,4.9,Credit Card,Online
2024-10-19,West,Toys,Puzzle,7,44.68,10,310.46,96.05,18,4.1,Cash,In-Store
2024-10-20,South,Food,Snacks,5,21.76,0,120.71,49.82,58,5.0,Credit Card,Online
2024-10-20,South,Food,Dairy,8,25.54,5,215.37,81.97,47,5.0,E-Wallet,Online
2024-10-20,South,Furniture,Chair,6,324.22,20,1726.94,497.83,43,4.4,Cash,In-Store
2024-10-21,West,Toys,Action Figure,3,48.98,20,131.23,58.54,32,4.1,Credit Card,In-Store
2024-10-21,West,Food,Bakery,2,25.55,10,51.33,20.79,38,2.5,Cash,In-Store
2024-10-21,North,Clothing,Shoes,11,75.56,10,835.07,181.64,18,4.8,Cash,Online
2024-10-22,North,Electronics,Laptop,4,459.08,0,2061.97,585.82,34,3.9,Credit Card,Online
2024-10-22,North,Furniture,Chair,7,322.32,10,2280.09,851.87,69,3.6,Credit Card,Online
2024-10-22,West,Food,Snacks,3,29.95,10,90.81,39.84,25,4.1,E-Wallet,Online
2024-10-23,West,Clothing,Jacket,5,65.49,0,369.83,112.24,40,5.0,E-Wallet,In-Store
2024-10-23,South,Food,Bakery,9,32.0,15,276.5,109.02,18,5.0,Cash,In-Store
2024-10-24,North,Food,Snacks,7,28.25,20,179.73,37.73,31,5.0,E-Wallet,In-Store
2024-10-24,North,Toys,Action Figure,4,42.45,0,192.89,53.67,21,3.2,Cash,In-Store
2024-10-24,Central,Toys,Puzzle,4,32.47,15,125.41,25.89,43,5.0,E-Wallet,Online
2024-10-25,South,Toys,Doll,6,40.27,10,248.44,59.07,40,3.7,Credit Card,In-Store
2024-10-25,West,Clothing,T-Shirt,6,56.98,10,351.48,115.72,21,4.7,Bank Transfer,Online
2024-10-25,East,Food,Bakery,6,29.35,15,171.0,48.33,39,4.6,Cash,Online
2024-10-26,South,Electronics,Laptop,7,406.86,0,3271.73,808.03,39,3.9,Cash,Online
2024-10-26,North,Furniture,Table,3,270.78,15,793.22,242.29,40,4.3,E-Wallet,In-Store
2024-10-26,North,Toys,Puzzle,10,35.79,0,411.15,178.7,49,2.7,Credit Card,Online
2024-10-27,East,Toys,Action Figure,9,34.51,15,304.98,101.37,58,4.1,E-Wallet,Online
2024-10-27,West,Food,Beverages,7,23.89,5,183.5,76.58,30,3.9,Credit Card,In-Store
2024-10-28,East,Food,Snacks,9,31.07,0,324.82,88.12,34,5.0,Credit Card,Online
2024-10-28,East,Clothing,Jeans,3,71.25,5,235.84,66.0,35,4.1,E-Wallet,Online
2024-10-28,North,Clothing,Jacket,6,70.06,0,488.21,98.51,21,3.4,Credit Card,In-Store
2024-10-29,Central,Toys,Puzzle,9,47.95,0,503.9,147.54,24,4.1,Credit Card,Online
2024-10-29,West,Food,Snacks,5,23.37,0,136.44,34.1,45,3.5,E-Wallet,In-Store
2024-10-29,South,Electronics,Smartphone,3,559.67,15,1666.56,638.17,63,3.0,Bank Transfer,In-Store
2024-10-30,Central,Furniture,Table,5,260.6,20,1223.72,446.65,24,4.5,E-Wallet,Online
2024-10-30,East,Food,Snacks,3,24.2,20,68.2,15.05,67,4.1,E-Wallet,Online
2024-10-31,East,Food,Dairy,3,27.33,20,77.42,20.22,30,5.0,Bank Transfer,In-Store
2024-10-31,West,Clothing,Jeans,5,51.09,15,256.23,73.33,53,5.0,E-Wallet,Online
2024-10-31,West,Furniture,Table,5,349.52,0,2062.4,797.1,43,5.0,Bank Transfer,Online
2024-11-01,West,Toys,Doll,5,39.74,15,200.38,55.18,40,4.3,Credit Card,In-Store
2024-11-01,North,Food,Dairy,11,29.81,15,330.58,75.48,32,4.8,E-Wallet,In-Store
2024-11-01,South,Toys,Board Game,7,41.86,0,347.58,136.36,38,4.2,Credit Card,In-Store
2024-11-02,Central,Food,Snacks,8,22.26,10,191.1,52.26,28,2.2,E-Wallet,In-Store
2024-11-02,North,Toys,Board Game,2,46.7,5,105.78,37.19,50,5.0,E-Wallet,Online
2024-11-02,South,Furniture,Chair,10,277.82,20,2650.03,1113.83,52,4.6,Cash,Online
2024-11-03,South,Clothing,Shoes,7,62.72,10,473.54,122.71,29,4.5,E-Wallet,In-Store
2024-11-03,South,Furniture,Sofa,7,251.33,25,1581.18,645.46,18,3.9,E-Wallet,Online
2024-11-04,East,Electronics,Smartphone,5,499.02,0,3004.8,1162.19,33,3.5,E-Wallet,Online
2024-11-04,Central,Clothing,Shoes,7,67.98,0,573.03,145.7,63,3.8,Credit Card,In-Store
2024-11-04,North,Furniture,Chair,4,296.8,25,1072.3,283.59,41,4.6,E-Wallet,Online
2024-11-05,North,Electronics,Tablet,10,574.75,0,6955.4,2687.94,52,2.4,Credit Card,Online
2024-11-05,North,Food,Snacks,5,30.93,5,177.78,38.18,25,4.3,E-Wallet,In-Store
2024-11-05,Central,Food,Bakery,8,28.85,10,251.37,99.59,31,5.0,Credit Card,In-Store
2024-11-06,East,Toys,Puzzle,4,46.27,20,180.06,36.3,33,4.1,Credit Card,Online
2024-11-06,South,Clothing,Jacket,11,55.57,0,743.33,197.37,22,2.4,Credit Card,In-Store
2024-11-06,West,Food,Beverages,4,28.21,0,137.21,48.28,40,3.8,Cash,Online
2024-11-07,Central,Clothing,T-Shirt,8,53.95,5,500.91,209.09,27,4.3,E-Wallet,Online
2024-11-07,West,Food,Bakery,8,21.8,5,202.42,74.87,50,4.3,Credit Card,Online
2024-11-08,Central,Toys,Puzzle,5,51.99,0,319.07,128.13,39,4.1,E-Wallet,Online
2024-11-08,South,Furniture,Chair,6,333.36,20,1964.07,578.5,57,5.0,Bank Transfer,In-Store
2024-11-08,West,Toys,Puzzle,6,40.62,10,269.24,97.14,18,4.2,E-Wallet,Online
2024-11-09,East,Electronics,Tablet,9,424.84,20,3771.81,1419.14,31,4.4,Cash,In-Store
2024-11-09,West,Food,Beverages,8,27.55,0,271.76,70.85,32,3.5,Cash,Online
2024-11-09,West,Electronics,Headphones,8,371.16,10,3295.24,1292.89,44,4.9,Credit Card,In-Store
2024-11-10,West,Electronics,Smartphone,4,381.3,25,1416.9,429.72,32,5.0,Credit Card,Online
2024-11-10,West,Clothing,T-Shirt,5,48.99,10,273.04,109.59,60,3.6,E-Wallet,Online
2024-11-10,North,Food,Bakery,4,26.24,0,130.01,35.27,35,3.9,Credit Card,Online
2024-11-11,East,Electronics,Smartphone,6,495.14,25,2772.09,814.22,26,2.4,Bank Transfer,In-Store
2024-11-11,Central,Furniture,Chair,7,249.37,5,2063.19,516.75,35,3.4,Credit Card,In-Store
2024-11-12,Central,Electronics,Headphones,7,522.28,15,3883.05,1680.88,33,5.0,Credit Card,In-Store
2024-11-12,North,Furniture,Sofa,8,274.56,0,2744.62,1090.92,50,3.8,Credit Card,In-Store
2024-11-12,North,Clothing,Jacket,2,68.56,10,154.2,63.43,32,4.3,E-Wallet,Online
2024-11-13,North,Electronics,Laptop,3,580.93,20,1749.62,703.97,18,3.6,Cash,Online
2024-11-13,West,Toys,Doll,7,45.82,5,382.39,162.23,40,4.4,Credit Card,Online
2024-11-13,West,Clothing,Jeans,5,74.5,0,467.42,144.66,29,3.9,E-Wallet,Online
2024-11-14,North,Furniture,Sofa,10,382.23,0,4816.75,1452.93,22,4.3,Bank Transfer,In-Store
2024-11-14,East,Clothing,T-Shirt,6,62.6,0,473.34,113.19,38,4.1,Cash,In-Store
2024-11-14,West,Electronics,Laptop,6,518.02,5,3720.95,1285.83,36,5.0,Credit Card,Online
2024-11-15,West,Food,Beverages,3,30.65,10,104.71,33.18,35,4.2,Credit Card,In-Store
2024-11-15,East,Food,Dairy,6,24.46,0,185.69,37.54,41,3.3,E-Wallet,Online
2024-11-16,East,Furniture,Chair,7,279.21,0,2483.1,787.24,30,3.5,E-Wallet,Online
2024-11-16,East,Furniture,Table,6,381.99,5,2766.26,848.15,39,2.5,Bank Transfer,Online
2024-11-16,South,Food,Bakery,6,29.08,5,210.58,42.33,30,4.2,Cash,Online
2024-11-17,East,Furniture,Shelf,6,272.95,10,1880.02,378.76,48,4.0,Credit Card,Online
2024-11-17,West,Clothing,Shoes,10,61.47,10,705.68,242.75,37,5.0,Cash,Online
2024-11-17,Central,Toys,Board Game,4,47.93,20,195.63,56.98,60,3.3,E-Wallet,Online
2024-11-18,East,Toys,Action Figure,3,42.94,0,164.95,54.4,31,3.4,Credit Card,Online
2024-11-18,West,Clothing,Jeans,4,67.5,5,328.43,88.62,42,3.5,Bank Transfer,Online
2024-11-19,North,Toys,Puzzle,4,47.08,5,229.93,49.53,52,3.8,Cash,Online
2024-11-19,East,Electronics,Laptop,5,499.95,0,3213.01,1197.12,44,3.0,Cash,In-Store
2024-11-19,North,Clothing,T-Shirt,4,64.2,10,297.08,72.87,39,3.9,Credit Card,In-Store
2024-11-20,North,Furniture,Table,4,352.44,15,1545.94,442.58,42,4.1,Credit Card,In-Store
2024-11-20,West,Clothing,T-Shirt,3,69.83,0,270.25,102.68,44,4.0,E-Wallet,In-Store
2024-11-20,Central,Food,Beverages,5,27.87,0,179.8,45.07,41,5.0,Cash,In-Store
2024-11-21,North,Furniture,Table,8,293.97,10,2740.55,940.6,37,4.1,Credit Card,Online
2024-11-21,South,Food,Bakery,2,25.07,10,58.44,24.54,47,4.1,Credit Card,In-Store
2024-11-21,West,Furniture,Chair,7,385.57,5,3319.9,669.44,36,5.0,E-Wallet,Online
2024-11-22,North,Toys,Doll,5,34.25,10,200.26,68.81,25,4.1,E-Wallet,Online
2024-11-22,East,Clothing,Jacket,6,56.06,25,327.78,103.12,64,3.2,Credit Card,Online
2024-11-23,West,Electronics,Headphones,3,470.79,0,1841.64,456.75,49,3.1,E-Wallet,Online
2024-11-23,East,Furniture,Sofa,11,365.51,0,5242.62,1099.8,26,3.1,Credit Card,Online
2024-11-23,North,Furniture,Table,5,264.55,0,1724.79,399.77,34,3.0,E-Wallet,In-Store
2024-11-24,South,Food,Beverages,7,23.46,10,193.39,61.64,30,5.0,E-Wallet,Online
2024-11-24,West,Toys,Action Figure,8,33.32,5,331.28,103.88,31,3.2,Credit Card,In-Store
2024-11-24,East,Food,Snacks,4,28.82,25,113.14,42.97,49,4.2,E-Wallet,Online
2024-11-25,North,Food,Bakery,4,22.98,10,108.59,36.3,33,4.1,Credit Card,In-Store
2024-11-25,West,Toys,Action Figure,10,39.77,5,496.0,105.79,62,3.9,Credit Card,In-Store
2024-11-25,North,Electronics,Tablet,8,459.83,0,4829.01,1295.45,18,3.4,Cash,In-Store
2024-11-26,West,Food,Bakery,7,31.14,10,317.23,141.81,37,4.5,Cash,Online
2024-11-26,North,Food,Bakery,11,25.14,0,447.18,188.21,20,2.8,E-Wallet,In-Store
2024-11-27,Central,Furniture,Chair,8,261.78,20,2716.03,594.94,42,3.3,Credit Card,Online
2024-11-27,South,Toys,Puzzle,4,42.49,5,261.72,62.24,43,4.9,E-Wallet,Online
2024-11-27,South,Clothing,Jacket,10,76.89,0,1246.45,409.41,49,3.1,Credit Card,In-Store
2024-11-28,North,Electronics,Headphones,3,496.73,10,2179.62,644.64,22,5.0,Credit Card,Online
2024-11-28,South,Electronics,Tablet,9,581.26,0,8501.83,3210.19,43,5.0,Cash,Online
2024-11-28,Central,Toys,Board Game,4,48.82,10,285.64,71.92,26,5.0,Cash,Online
2024-11-29,Central,Furniture,Shelf,4,245.39,0,1599.12,478.41,39,4.7,Bank Transfer,In-Store
2024-11-29,South,Furniture,Chair,6,338.76,10,2980.17,823.4,32,3.0,Cash,In-Store
2024-11-29,South,Toys,Puzzle,4,37.74,5,233.61,83.23,21,2.9,Credit Card,Online
2024-11-30,West,Furniture,Chair,6,323.94,5,3015.28,1032.4,47,3.1,Bank Transfer,Online
2024-11-30,Central,Electronics,Smartphone,7,422.85,10,4350.25,1731.74,34,3.3,Credit Card,Online
2024-12-01,East,Electronics,Tablet,8,438.5,0,5741.69,1222.91,49,3.0,Credit Card,Online
2024-12-01,South,Clothing,T-Shirt,8,75.7,5,941.6,200.9,50,3.5,Cash,In-Store
2024-12-01,South,Toys,Doll,7,36.13,5,393.29,96.58,55,4.6,Bank Transfer,In-Store
2024-12-02,West,Food,Dairy,4,30.93,5,192.78,41.66,31,4.6,E-Wallet,In-Store
2024-12-02,North,Food,Dairy,8,20.38,25,200.6,56.9,25,4.5,E-Wallet,In-Store
2024-12-02,East,Clothing,T-Shirt,4,50.73,0,332.85,130.26,53,3.8,E-Wallet,In-Store
2024-12-03,South,Clothing,Shoes,6,73.64,10,653.74,169.94,39,4.0,E-Wallet,In-Store
2024-12-03,West,Furniture,Chair,6,334.58,5,3135.29,1155.92,55,4.2,E-Wallet,In-Store
2024-12-03,North,Clothing,Jacket,2,70.42,5,219.95,74.76,22,3.7,Credit Card,In-Store
2024-12-04,East,Clothing,T-Shirt,2,54.28,15,152.03,57.99,46,4.9,Credit Card,In-Store
2024-12-04,East,Food,Bakery,5,26.71,0,220.05,75.72,38,2.9,Credit Card,In-Store
2024-12-05,East,Furniture,Sofa,5,350.58,15,2459.67,689.13,37,3.6,E-Wallet,Online
2024-12-05,North,Clothing,Jeans,5,66.82,0,551.53,232.94,33,3.3,E-Wallet,In-Store
2024-12-05,East,Clothing,Jacket,4,62.15,5,389.88,165.19,23,4.5,Cash,In-Store
2024-12-06,East,Furniture,Table,10,383.97,10,5715.98,1595.09,46,3.1,Credit Card,Online
2024-12-06,East,Toys,Puzzle,3,45.52,0,225.9,57.63,32,3.3,Credit Card,In-Store
2024-12-06,East,Furniture,Chair,12,376.16,15,6346.43,1980.93,40,4.4,E-Wallet,Online
2024-12-07,West,Food,Bakery,5,29.12,0,241.31,97.63,63,3.2,Credit Card,In-Store
2024-12-07,West,Toys,Action Figure,7,46.71,15,460.57,157.66,31,4.9,E-Wallet,In-Store
2024-12-07,South,Electronics,Laptop,4,378.0,5,2380.46,620.0,34,4.8,Credit Card,Online
2024-12-08,West,Furniture,Table,5,293.92,10,2195.93,611.71,35,3.7,E-Wallet,In-Store
2024-12-08,East,Food,Snacks,4,30.73,20,163.26,68.98,32,4.3,E-Wallet,In-Store
2024-12-09,North,Toys,Board Game,3,36.65,5,173.74,36.09,33,5.0,E-Wallet,In-Store
2024-12-09,North,Furniture,Chair,6,257.33,0,2567.91,1012.17,47,4.7,Cash,Online
2024-12-09,South,Clothing,Shoes,3,57.78,20,230.65,91.09,55,4.6,E-Wallet,Online
2024-12-10,West,Furniture,Sofa,6,273.07,0,2729.62,914.52,39,5.0,Cash,Online
2024-12-10,West,Electronics,Tablet,8,568.19,10,6815.69,2509.46,47,3.3,Bank Transfer,Online
2024-12-10,West,Furniture,Sofa,8,370.19,20,3947.25,805.25,35,5.0,Cash,Online
2024-12-11,East,Toys,Action Figure,6,41.99,10,378.42,163.05,35,4.4,Credit Card,In-Store
2024-12-11,South,Toys,Doll,4,33.23,0,221.79,82.81,32,5.0,E-Wallet,In-Store
2024-12-12,North,Furniture,Chair,8,347.18,0,4642.19,1644.82,28,3.6,Cash,Online
2024-12-12,South,Toys,Action Figure,7,44.47,0,520.26,169.94,54,5.0,E-Wallet,Online
2024-12-12,South,Clothing,T-Shirt,6,77.12,5,734.68,327.59,31,2.7,Credit Card,In-Store
2024-12-13,North,Furniture,Sofa,6,323.84,0,3252.43,1396.62,45,3.7,Credit Card,Online
2024-12-13,North,Clothing,Jacket,7,58.09,15,578.57,223.07,27,4.4,Bank Transfer,In-Store
2024-12-13,East,Clothing,T-Shirt,5,63.57,5,505.44,157.45,38,4.6,Bank Transfer,In-Store
2024-12-14,West,Food,Snacks,6,32.24,20,259.41,66.94,37,2.5,Cash,In-Store
2024-12-14,Central,Furniture,Table,4,344.45,15,1963.15,546.49,27,3.2,Credit Card,Online
2024-12-14,Central,Toys,Puzzle,5,45.44,20,304.67,93.91,33,3.3,Credit Card,Online
2024-12-15,East,Clothing,Shoes,6,55.22,0,556.14,195.03,24,3.3,Credit Card,Online
2024-12-15,South,Food,Bakery,4,29.3,10,177.02,41.13,38,3.5,Cash,Online
2024-12-16,East,Furniture,Chair,7,352.54,0,4147.64,1389.7,18,4.1,Credit Card,In-Store
2024-12-16,West,Furniture,Shelf,5,287.59,0,2416.81,906.76,37,5.0,E-Wallet,Online
2024-12-16,North,Electronics,Laptop,5,468.84,10,3545.9,1037.77,46,3.8,Credit Card,Online
2024-12-17,South,Electronics,Smartphone,4,426.29,15,2438.96,675.52,37,5.0,E-Wallet,In-Store
2024-12-17,West,Clothing,Shoes,2,55.76,0,187.67,65.75,28,4.1,E-Wallet,Online
2024-12-17,South,Electronics,Tablet,9,365.83,0,5540.42,2454.21,29,3.8,E-Wallet,Online
2024-12-18,East,Clothing,T-Shirt,5,56.56,0,476.41,203.17,53,4.8,Cash,In-Store
2024-12-18,East,Toys,Doll,5,43.08,15,308.45,73.6,40,4.0,E-Wallet,Online
2024-12-18,North,Clothing,Jacket,8,48.05,20,518.06,225.8,48,3.6,E-Wallet,Online
2024-12-19,South,Electronics,Smartphone,5,423.72,0,3573.14,1079.07,50,5.0,E-Wallet,Online
2024-12-19,South,Toys,Action Figure,5,49.63,5,397.57,160.65,32,4.1,Credit Card,In-Store
2024-12-20,North,Electronics,Tablet,10,493.57,20,6666.19,2618.27,24,5.0,Credit Card,Online
2024-12-20,North,Clothing,Shoes,10,66.24,0,1118.23,426.79,46,3.7,E-Wallet,Online
2024-12-20,West,Food,Dairy,10,25.04,10,380.5,167.58,26,3.0,Cash,Online
2024-12-21,South,Furniture,Sofa,4,341.47,0,2308.14,936.39,30,3.4,Bank Transfer,Online
2024-12-21,East,Electronics,Tablet,7,402.73,5,4525.74,1300.59,39,3.5,Cash,Online
2024-12-21,South,Clothing,Shoes,9,72.56,5,1048.4,341.07,34,4.0,Credit Card,In-Store
2024-12-22,Central,Toys,Board Game,6,34.33,15,296.16,74.24,18,3.6,Cash,In-Store
2024-12-22,South,Electronics,Laptop,8,507.6,0,6868.18,2985.53,21,3.0,Cash,In-Store
2024-12-22,South,Electronics,Headphones,10,436.76,0,7387.06,1682.59,51,3.7,Cash,Online
2024-12-23,Central,Furniture,Chair,3,352.13,0,1788.14,359.24,36,4.1,E-Wallet,Online
2024-12-23,West,Clothing,Jeans,8,64.49,10,786.01,350.61,47,4.4,E-Wallet,In-Store
2024-12-24,North,Food,Beverages,8,25.65,20,278.13,57.88,27,4.2,Credit Card,In-Store
2024-12-24,West,Toys,Board Game,3,35.39,15,152.86,59.77,23,5.0,E-Wallet,In-Store
2024-12-24,East,Clothing,T-Shirt,6,67.1,0,682.03,188.83,47,4.0,Cash,Online
2024-12-25,East,Toys,Board Game,11,51.5,20,768.15,289.5,54,2.5,Cash,Online
2024-12-25,North,Electronics,Headphones,6,545.76,0,5550.68,1773.7,26,4.2,E-Wallet,In-Store
2024-12-25,North,Furniture,Chair,8,249.0,5,3207.8,1034.18,51,4.0,Cash,In-Store
2024-12-26,West,Furniture,Sofa,4,296.43,15,1709.47,614.94,25,4.8,Cash,In-Store
2024-12-26,East,Food,Beverages,4,31.57,0,214.18,57.96,18,3.1,E-Wallet,In-Store
2024-12-26,South,Furniture,Shelf,6,315.46,0,3210.29,963.38,45,4.8,E-Wallet,In-Store
2024-12-27,West,Electronics,Tablet,5,508.98,0,4318.67,1394.63,25,4.2,Credit Card,In-Store
2024-12-27,West,Food,Dairy,6,31.41,10,287.81,58.8,22,4.2,Cash,Online
2024-12-28,North,Clothing,T-Shirt,7,74.21,5,837.9,180.15,22,4.9,Cash,In-Store
2024-12-28,East,Furniture,Chair,6,315.27,5,3051.02,644.2,33,5.0,Credit Card,Online
2024-12-28,North,Food,Beverages,5,25.47,15,183.79,42.21,18,5.0,E-Wallet,Online
2024-12-29,West,Electronics,Laptop,5,436.43,15,3150.34,1216.7,45,2.2,Credit Card,In-Store
2024-12-29,West,Toys,Puzzle,8,46.38,15,535.67,194.18,44,3.0,Credit Card,In-Store
2024-12-29,Central,Toys,Action Figure,4,37.74,5,243.58,95.54,44,3.6,Cash,In-Store
2024-12-30,North,Electronics,Headphones,5,416.22,0,3535.82,719.38,53,3.0,Credit Card,Online
2024-12-30,North,Electronics,Tablet,7,440.16,0,5234.77,2155.86,50,3.4,E-Wallet,Online
2024-12-31,South,Toys,Action Figure,4,35.54,10,217.46,77.93,26,4.1,Cash,In-Store
